省份,城市,小区名字,价格,居室,面积,行政区,地址,是否在售or类型,origin_url
湖北,武汉,城投瀚城璞岸,"23000元/O
												广告","3居,4居",98~230平米,洪山区,[二至三环]洪山区雄楚大道450号,|在售||普通住宅||叠拼||低密居所||豪华居住区|,https://hanchengpuanct.fang.com/?from=xflist_xfgg
湖北,武汉,当代・铭山筑,"400万元/套起
												广告",5居,97~123平米,东湖高新区,[三至四环]东湖高新区光谷三路66号(地铁11号线生物园站e出口北行约800米处),|待售||商业||品牌地产||地铁沿线||不限购|,https://mingshanzhudd.fang.com/villa/?from=xflist_xfgg
湖北,武汉,招商樾望,价格待定,"3居,4居",116~154平米,汉阳区,[二至三环]汉阳区四新北路与芳草路交汇处(汉阳麦德龙旁),|待售||商住楼||品牌地产|,https://zhaoshangyuewang.fang.com/
湖北,武汉,武汉恒大科技旅游城,10800元/O,"2居,3居,4居,5居",69~275平米,江夏区,[四环以外]江夏区湖北省武汉市江夏区天子山大道景观路三号,|在售||商住楼||不限购|,https://kejilvyouchenghd.fang.com/
湖北,武汉,中建铂公馆,价格待定往期15423元/O,"3居,4居",112~156平米,洪山区,[二至三环]洪山区洪山区白沙洲大道与八坦路交叉路口,|待售||普通住宅||购物中心|,https://bogongguanzj.fang.com/
湖北,武汉,兰亭大境,价格待定,,,汉阳区,[三至四环]汉阳区长江路地铁6号线老关村站东侧,|待售||普通住宅||地铁沿线||江景地产|,https://lantingdajing.fang.com/
湖北,武汉,天纵御景湾,9464元/O,,,黄陂区,[三至四环]黄陂区川龙大道与后湖北路交汇处,|待售||普通住宅||不限购||湖景地产|,https://tianzongyujingwan.fang.com/
湖北,武汉,恒韵府,22000元/O,3居,102~149平米,汉阳区,[内至二环]汉阳区汉阳大道与江城大道交汇处(四号线五里墩站d出口),|在售||普通住宅||购物中心|,https://wanxianghuirunfu.fang.com/
湖北,武汉,建发金茂玺悦,13200元/O起,3居,97~114平米,江夏区,[三至四环]江夏区黄家湖畔・军运村南一公里・近地铁8号线,|待售||普通住宅||地铁沿线||低密居所||湖景地产|,https://xiyuejfjm.fang.com/
湖北,武汉,滨江金茂府,23000元/O,"2居,3居",96~130平米,汉阳区,[二至三环]汉阳区晴川大道与两湖路交汇处,|待售||普通住宅||住宅底商||品牌地产||地铁沿线|,https://binjiangjinmaofu.fang.com/
湖北,武汉,星河2049,18200元/O,"2居,3居,4居",88~172平米,江岸区,[二至三环]江岸区温馨路与景秀街交汇处(汉口城市广场旁),|待售||普通住宅||品牌地产||公园地产|,https://xinghe2049.fang.com/
湖北,武汉,中建壹品澜庭,9319元/O,"2居,3居,4居",80~130平米,经济开发区,"[四环以外]经济开发区经开大道与枫林三路,枫林四路交叉口处",|待售||普通住宅|,https://yipinlantingzj.fang.com/
湖北,武汉,海伦国际,价格待定往期11000元/O,"2居,3居",75~175平米,青山区,[三至四环]青山区武东中路(武东中学附近),|待售||普通住宅||叠拼||品牌地产||低密居所|,https://hailunguoji027.fang.com/
湖北,武汉,中建大公馆,24000元/O,"3居,4居",125~169平米,东湖高新区,[二至三环]东湖高新区关山大道与南湖大道交汇处(光谷软件园对面),|待售||普通住宅||购物中心||品牌地产||国际化社区|,https://dagongguanzj027.fang.com/
湖北,武汉,新城阅Z台,13525元/O,"3居,4居",113~140平米,洪山区,[三至四环]洪山区青菱乡建和村丽水路与南郊路交汇处(青菱街办事处附近),|在售||普通住宅||花园洋房||品牌地产||地铁沿线|,https://yuejingtaixc.fang.com/
湖北,武汉,电建地产吃媒湾,价格待定,,,汉阳区,[二至三环]汉阳区长江主轴・汉阳滨江公园旁(汉阳区老关路与拦江堤路交汇处),|待售||普通住宅||品牌地产||地铁沿线||江景地产|,https://mingyuejiangwandjdc.fang.com/
湖北,武汉,新城璞樾门第,价格待定周边18920元/O,"3居,4居",109~129平米,东湖高新区,[三至四环]东湖高新区光谷四路和流芳园横路交汇处,|待售||联排||普通住宅|,https://puyuemendixc027.fang.com/
湖北,武汉,武地・建发玺院,价格待定,"3居,4居",104~129平米,东湖高新区,[三至四环]东湖高新区花山生态新城花山大道与大长山路交汇处,|待售||联排||普通住宅|,https://wuhanxiyuan.fang.com/
湖北,武汉,联投梧桐郡悦园,6500元/O,"3居,4居",95~140平米,东湖高新区,[外环以外]东湖高新区梧桐湖新城梧桐湖酒店,|在售||普通住宅||品牌地产||不限购||湖景地产|,https://153778.fang.com/
湖北,武汉,禹洲朗廷元著,18000元/O,"3居,4居",108~143平米,经济开发区,[三至四环]经济开发区太子湖北路288号(经开永旺旁),|在售||商住楼||品牌地产||湖景地产|,https://langtingyuanzhuyz.fang.com/
湖北,武汉,保利上城,价格待定往期14292元/O,"2居,3居",79~131平米,洪山区,[二至三环]洪山区白沙洲大道与武梁路交汇处(青菱东路以西、江国路以南),|待售||普通住宅||品牌地产||经济住宅|,https://baolishangcheng027.fang.com/
湖北,武汉,北辰孔雀城航天府,6100元/O,"3居,4居",90~135平米,新洲区,[四环以外]新洲区武汉国家航天产业基地,|在售||普通住宅||花园洋房||品牌地产||低总价|,https://kongquechenghangtianfubc.fang.com/
湖北,武汉,保利星河九洲,15500元/O,"2居,3居,4居",79~139平米,汉阳区,[二至三环]汉阳区王家湾汉阳大道地铁4号线永安堂c出口,|在售||普通住宅||品牌地产||地铁沿线|,https://xinghejiuzhoubl.fang.com/
湖北,武汉,金地中核格林格林,价格待定,3居,106~123平米,蔡甸区,[四至外环]蔡甸区蔡甸区蔡甸街新天大道与中核三路交汇处,|待售||普通住宅||品牌地产||地铁沿线||不限购|,https://gelingelinjdzh.fang.com/
湖北,武汉,地铁时代常青城,11000元/O,"1居,2居",37~77平米,东西湖区,[三至四环]东西湖区轨道交通2号线常青城站b出口,|在售||普通住宅||市场类商铺||品牌地产|,https://changqingchengdtsd.fang.com/
湖北,武汉,洪山公馆,价格待定,"1居,2居,3居",61~121平米,洪山区,[内环以内]洪山区民主路(洪山广场及洪山体育馆旁),|待售||普通住宅|,https://hongshangongguan027.fang.com/
湖北,武汉,保利新武昌,价格待定往期13500元/O,,,洪山区,[二至三环]洪山区烽胜路与八坦北路交汇处(张家湾社区旁),|待售||普通住宅||品牌地产|,https://xinwuchangbl.fang.com/
湖北,武汉,东原乐见城,15500元/O,3居,92平米,洪山区,[二至中环]洪山区恒安路李纸路地铁7号线板桥站向南200米(保利心语10区旁),|在售||普通住宅||品牌地产||地铁沿线|,https://lejianchengdy.fang.com/
湖北,武汉,万丰丰泽园,11660元/O,"2居,3居",84~114平米,东西湖区,[三至四环]东西湖区马池北路与环湖路中路交汇处(常青花园西侧),|在售||普通住宅||花园洋房||低总价||经济住宅|,https://fengzeyuanwf.fang.com/
湖北,武汉,汉悦府坤Z,价格待定,"2居,3居",86~131平米,江岸区,[二至三环]江岸区后湖大道与怡康路交汇处(汉口城市广场对面),|待售||普通住宅||标准写字楼|,https://hanyuefukunjing.fang.com/
湖北,武汉,武汉中国健康谷,价格待定往期9500元/O,3居,108~126平米,蔡甸区,[三至四环]蔡甸区汉阳大道与五贤路交汇处(同济医院中法院区旁),|待售||普通住宅||商住公寓||不限购||loft|,https://zhongguojiankangguwh.fang.com/
湖北,武汉,汇悦天地三期,17100元/O,"3居,4居",130~165平米,江岸区,[二至三环]江岸区和谐大道与健身街的交汇处,|在售||普通住宅||购物中心||品牌地产||科技住宅|,https://huiyuetiandi.fang.com/3/
湖北,武汉,保利大都会,价格待定,"3居,4居",128~164平米,洪山区,[二至三环]洪山区洪山区群光华师旁・雄楚大道和卓刀泉南路交汇处,|待售||普通住宅||品牌地产||地铁沿线||湖景地产|,https://daduhuibl027.fang.com/
湖北,武汉,德雅国际城,6989元/O,"3居,4居,5居",112~279平米,新洲区,[三至四环]新洲区阳逻风情大道1号(柴泊湖旁),|在售||普通住宅||品牌地产||不限购||豪华居住区|,https://guojichengdy.fang.com/1/
湖北,武汉,联投汉口郡,9000元/O,4居,150平米,黄陂区,[三至四环]黄陂区汉口北大道特9号(胜海家园旁),|在售||普通住宅||花园洋房||品牌地产||不限购|,https://hankoujunlt.fang.com/
湖北,武汉,万科新都会,价格待定,,,洪山区,[二至三环]洪山区丁字桥路与岭南路交汇处,|待售||普通住宅||住宅底商||品牌地产||宜居生态地产|,https://xinduhuiwk027.fang.com/
湖北,武汉,华发中城峰景湾,7700元/O,"3居,4居",93~120平米,汉南区,[四环以外]汉南区武汉市汉洪高速汉南收费站出口(地铁16号线马影河站),|待售||普通住宅|,https://zhongchengfengjingwanhf.fang.com/
湖北,武汉,金地天悦,22000元/O,"3居,5居",99~168平米,东湖高新区,[二至三环]东湖高新区康泰路与荣院路交汇处(洪山高中旁),|在售||普通住宅||品牌地产|,https://jinditianyue.fang.com/
湖北,武汉,光谷之星公馆,14000元/O,"1居,2居,3居,4居,5居",40~137平米,东湖高新区,[三至四环]东湖高新区高新大道与光谷六路交汇处(东湖高新管委会东侧),|在售||商住楼||品牌地产||低总价||地铁沿线|,https://guangguzhixingzj.fang.com/
湖北,武汉,孔雀城航天府滨江苑,价格待定往期5720元/O,"2居,3居,4居",70~122平米,新洲区,[四环以外]新洲区国家航天产业基地平江大道延长线,|待售||普通住宅||花园洋房||品牌地产||低总价|,https://hangtianfubinjiangyuankqc.fang.com/
湖北,武汉,常青花园恒大御景,价格待定往期15800元/O,"2居,3居,4居",79~140平米,东西湖区,[三至四环]东西湖区常青花园6号(地铁2号线金银潭b2出口),|待售||普通住宅||品牌地产||地铁沿线||||武汉市实验幼儿园|||,https://changqinghuayuanhd.fang.com/
湖北,武汉,福星惠誉福星华府・o境,16328元/O,"3居,4居",118~127平米,江汉区,[二至三环]江汉区姑嫂树路与机电路交汇处(地铁6号线杨汊湖站c出口),|待售||普通住宅|,https://fuxinghuafufengjingfxhy.fang.com/
湖北,武汉,阳光城・央座,价格待定往期24000元/O,,,江汉区,[内至二环]江汉区建设大道与香港路交汇处,|待售||普通住宅||品牌地产||地铁沿线|,https://yangzuoygc.fang.com/
湖北,武汉,招商公园1872,41000元/O,4居,157~209平米,汉阳区,[二至中环]汉阳区江城大道与墨水湖南路交汇处(墨水湖南岸),|待售||普通住宅||商住公寓||湖景地产|,https://gongyuan1872zs.fang.com/
湖北,武汉,首地云梦台,16720元/O,,,江岸区,[二至三环]江岸区华岭路66号(市民之家旁),|待售||普通住宅||住宅底商||地铁沿线||豪华居住区|,https://yunmengtaisd.fang.com/
湖北,武汉,武汉国博新城,15974元/O,"2居,3居,4居",86~143平米,汉阳区,[二至中环]汉阳区四新南路与鄂渚路交汇处,|在售||普通住宅||地铁沿线|,https://guoboxinchengwh.fang.com/
湖北,武汉,天纵半岛蓝湾,13420元/O,"2居,3居",82~141平米,东西湖区,[三至四环]东西湖区宏图大道与银潭路交汇处(地铁3号线宏图大道d出口旁),|在售||普通住宅||花园洋房||地铁沿线||低密居所|,https://bandaolanwan027.fang.com/
湖北,武汉,万科金域国际,21480元/O,,,汉阳区,[内至二环]汉阳区汉阳大道和江城大道交汇处(地铁4号线五里墩站c出口),|待售||普通住宅||购物中心||地铁沿线|,https://jinyuguojiwk027.fang.com/
湖北,武汉,中建星光城,价格待定,3居,97~128平米,东湖高新区,"[三至四环]东湖高新区光谷三路以东,三星巷以北,何流路以南,孟新路以西",|待售||普通住宅||购物中心|,https://xingguangchengzj.fang.com/
湖北,武汉,东原启城,14407元/O,"3居,4居",125~175平米,洪山区,[二至三环]洪山区白沙五路与烽胜路交汇处,|待售||普通住宅||品牌地产||地铁沿线||宜居生态地产|,https://dongyuanqicheng.fang.com/
湖北,武汉,福星惠誉东湖城四期拾景,价格待定,"3居,4居",118~127平米,武昌区,[内至二环]武昌区武汉・东湖・园林路169号,|待售||普通住宅||湖景地产|,https://donghuchengfxhy.fang.com/
湖北,武汉,万科橙,价格待定周边8280元/O,3居,90~106平米,东湖高新区,[外环以外]东湖高新区创业大道与葛洪大道交汇处,|待售||普通住宅|,https://wankecheng2027.fang.com/
湖北,武汉,长投绿城m园,价格待定往期10000元/O,,,江夏区,[三至四环]江夏区栗庙路12号(湖北经济学院对面),|待售||普通住宅||品牌地产|,https://lanyuanctlc.fang.com/
湖北,武汉,琨瑜府,价格待定往期20100元/O,,,东湖高新区,[二至三环]东湖高新区关山大道与光谷创业街交汇处,|待售||普通住宅||标准写字楼||品牌地产|,https://kunyufu027.fang.com/
湖北,武汉,武汉恒大龙城,10317元/O,"2居,3居",80~128平米,黄陂区,[三至四环]黄陂区巨龙大道与兴龙路交汇旁(地铁2号线宋家岗站a出口),|待售||普通住宅||花园洋房||复合地产||宜居生态地产|,https://hangtianlongcheng.fang.com/
湖北,武汉,地铁时代云上城,价格待定,"2居,3居",83~138平米,东西湖区,[三至四环]东西湖区武汉轨道交通8号线金潭路站c出口,|待售||普通住宅||品牌地产|,https://ditieshidaiyunshangcheng.fang.com/
湖北,武汉,联投花山郡,价格待定往期11300元/O,"2居,3居,4居",85~139平米,东湖高新区,[三至四环]东湖高新区花山生态新城花城大道1号(严西湖大桥下桥处),|待售||联排||普通住宅||湖景地产||山景地产|,https://huashanjunlt.fang.com/
湖北,武汉,城投四新之光,价格待定往期13600元/O,"3居,4居",107~139平米,汉阳区,[二至三环]汉阳区四新南路与连通港西路交汇处(子期路以东),|待售||普通住宅||花园洋房||低密居所||经济住宅|,https://sixinzhiguangct.fang.com/
湖北,武汉,中粮光谷祥云,价格待定,,,东湖高新区,[三至四环]东湖高新区光谷三路与神墩三路交汇处(地铁11号线光谷生物园站南行350米),|待售||普通住宅||叠拼||宜居生态地产|,https://guangguxiangyunzl.fang.com/
湖北,武汉,龙湖光谷城,价格待定,"3居,4居",109~139平米,东湖高新区,[三至四环]东湖高新区东湖高新区光谷四路与神墩三路交汇处,|待售||普通住宅||叠拼||品牌地产||地铁沿线|,https://guangguchenglh.fang.com/
湖北,武汉,东湖金茂府,26000元/O,"3居,4居",94~138平米,武昌区,[二至三环]武昌区黄鹤路与明德路交汇处(杨春湖地铁站旁),|待售||商住楼||品牌地产||国际化社区||地铁沿线|,https://donghujinmaofu.fang.com/
湖北,武汉,光谷未来城,19500元/O,"3居,4居",94~140平米,东湖高新区,[二至三环]东湖高新区高新二路和光谷一路交汇处,|在售||普通住宅||叠拼||地铁沿线||山景地产|,https://guangguweilaichenghc.fang.com/
湖北,武汉,天赐金龙城,11400元/O起,"3居,4居",130~190平米,东西湖区,[三至四环]东西湖区径河路与张柏路交汇处,|待售||联排||普通住宅|,https://tcjlc.fang.com/
湖北,武汉,武汉锦绣香江,9500元/O,"2居,3居,4居",81~142平米,东湖高新区,[外环以外]东湖高新区光谷高新大道紫菱湖畔(武黄城铁葛店南站附近),|在售||联排||普通住宅||品牌地产||低密居所|,https://jinxiuxiangjiangwh027.fang.com/
湖北,武汉,网安合寓,价格待定,"1居,2居,3居",38~68平米,东西湖区,[三至四环]东西湖区临空港大道与塔西路交汇处,|待售||标准写字楼||商住公寓||小户型||不限购|,https://wanganheyu.fang.com/
湖北,武汉,玉金山墅,300万元/套起,"4居,5居",128~184平米,蔡甸区,[中环以外]蔡甸区蔡甸区金龙湖金龙岛,|在售||别墅||水景地产|,https://yujinshanshu.fang.com/
湖北,武汉,招商樾望・商墅,价格待定,,,汉阳区,[二至三环]汉阳区四新中路与凤凰湖环路交汇处,|待售||别墅||品牌地产|,https://zhaoshangyuewang.fang.com/villa/
湖北,武汉,南德长江城,11450元/O,"3居,4居",121~170平米,黄陂区,[三至四环]黄陂区地铁21号线高车站c出口200米,|在售||普通住宅||地铁沿线||低密居所||不限购|,https://changjiangchengnd.fang.com/
湖北,武汉,恒大翡翠华庭,15500元/O,"2居,4居",43~100平米,汉阳区,[二至三环]汉阳区四新南路和连通港西路东南角,|在售||商住楼||品牌地产||地铁沿线||水景地产|,https://feicuihuatinghd027.fang.com/
湖北,武汉,旭辉江山境,价格待定,,,洪山区,[三至四环]洪山区南郊路与建群一路交汇处(鲁巷实验小学建和分校正对面),|待售||普通住宅||住宅底商|,https://xuhuijiangshanjing.fang.com/
湖北,武汉,路劲时代城,价格待定往期8500元/O,3居,92~117平米,江夏区,[三至四环]江夏区五里界街界兴路与锦绣大道交叉口,|待售||普通住宅||住宅底商||品牌地产||不限购|,https://lujingshidaicheng.fang.com/
湖北,武汉,东原阅境,16000元/O,"3居,4居",95~125平米,东西湖区,[三至四环]东西湖区三店西路与吴新干线交叉口,|在售||普通住宅||住宅底商||品牌地产||地铁沿线|,https://dongyuanyuejing.fang.com/
湖北,武汉,江夏府,13310元/O,"3居,4居",115~140平米,江夏区,[四环以外]江夏区江夏区北华街东6号院,|在售||普通住宅||住宅底商|,https://jiangxiafu.fang.com/
湖北,武汉,伟鹏万科・御玺滨江,45000元/O,"3居,4居",178~262平米,江岸区,[内至二环]江岸区汉口滨江国际商务区核心区・中山大道旁,|在售||普通住宅||品牌地产||豪华居住区|,https://yuxibinjiangwpwk.fang.com/
湖北,武汉,中城新时代,13100元/O,"3居,4居",99~143平米,黄陂区,[三至四环]黄陂区宋家岗东路与景云路交汇处(地铁二号线航空总部站前行50米),|在售||普通住宅||叠拼|,https://xinshidaizc.fang.com/
湖北,武汉,金地悦江时代,价格待定周边21000元/O,"3居,4居",109~137平米,~口区,[二至三环]~口区古田二路37号(古田路肖家墩车站西300米),|待售||普通住宅||品牌地产||江景地产|,https://yuejiangshidaijd.fang.com/
湖北,武汉,新华尚水湾,24700元/O,"3居,4居,5居",110~333平米,~口区,[二至三环]~口区~口区政府旁(沿河大道519号),|在售||商住楼||地铁沿线||江景地产||宜居生态地产|,https://xinhuashangshuiwan.fang.com/
湖北,武汉,大华铂金瑞府三期,22500元/O,"3居,4居",115~169平米,青山区,[二至三环]青山区园林路15号(临江大道与园林路交汇处),|在售||普通住宅||地铁沿线||江景地产|,https://binjiangtiandidh.fang.com/3/
湖北,武汉,北大资源莲湖锦城,6200元/O,"3居,4居",95~140平米,武汉周边,[四至外环]武汉周边红莲湖大道(红莲湖国际高尔夫球场旁),|待售||独栋||联排||低密居所||不限购|,https://lianhujinchengbdzy.fang.com/villa/
湖北,武汉,南德国际城学府里,11185元/O,3居,110~122平米,黄陂区,[四至外环]黄陂区百泰路与百兴路交汇处(黄陂区实验小学对面),|在售||普通住宅||不限购|,https://guojichengxuefulind.fang.com/
湖北,武汉,吃没府,7328元/O,"3居,4居",93~139平米,新洲区,[四环以外]新洲区京东大道与五一南路交汇处,|在售||普通住宅||花园洋房||品牌地产||低总价|,https://mingyuehuafu027.fang.com/
湖北,武汉,正荣紫阙台,25000元/O,4居,143~163平米,东湖高新区,[二至三环]东湖高新区南湖大道208号,|在售||普通住宅||住宅底商||品牌地产||低密居所|,https://ziquetaizr.fang.com/
湖北,武汉,弘阳印月府,价格待定往期17200元/O,"3居,4居",112~156平米,汉阳区,[内至二环]汉阳区墨水湖南路与江堤中路交汇处,|待售||普通住宅||住宅底商||品牌地产||湖景地产|,https://yinyuefuhy.fang.com/
湖北,武汉,招商东城华府,15720元/O,"3居,4居",107~142平米,江夏区,[三至四环]江夏区富士康西路与梁山头交汇处,|在售||普通住宅||花园洋房||品牌地产||地铁沿线|,https://dongchenghuafuzs.fang.com/
湖北,武汉,世茂锦绣长江,价格待定往期21000元/O,,,汉阳区,"[内至二环]汉阳区滨江大道188号(中百仓储旁,武汉三十二中对面)",|待售||普通住宅||江景地产|,https://jinxiuchangjiangsm.fang.com/
湖北,武汉,吃梅蓟,15700元/O,"3居,4居",128~165平米,经济开发区,[二至三环]经济开发区芳草一路15号(汉阳客运站c出口),|在售||普通住宅||花园洋房||品牌地产||地铁沿线|,https://lingyuehuafu.fang.com/
湖北,武汉,顶L国际城,价格待定往期17500元/O,,,江汉区,[二至中环]江汉区发展大道与唐家墩路交汇处(地铁6/10号线唐家墩站旁),|待售||普通住宅||品牌地产||地铁沿线|,https://dingxiuguojicheng.fang.com/
湖北,武汉,尚Z瑞府,价格待定周边11869元/O,"3居,4居",102~163平米,黄陂区,[三至四环]黄陂区临空新城兴龙路与宋家岗东路交汇处(2号线航空总部站700米处),|待售||普通住宅||地铁沿线||低密居所|,https://shangjingyuefu.fang.com/
湖北,武汉,新港长江府,33000元/O,"2居,3居,4居",87~351平米,江汉区,[内环以内]江汉区沿江大道69号(沿江大道与民生路交汇处),|在售||普通住宅||大平层|,https://xingangchangjiangfu.fang.com/
湖北,武汉,纽宾凯公园里,19000元/O,3居,108~154平米,汉阳区,[内至二环]汉阳区汉阳大道与赫山路交汇处(十里铺地铁d出口),|在售||普通住宅||住宅底商||地铁沿线||复合地产|,https://gongyuanlinbk.fang.com/
湖北,武汉,碧桂园生态城东境,价格待定往期13814元/O,"3居,4居",105~207平米,东湖高新区,[三至四环]东湖高新区花山生态新城(花山大道与花城大道交汇处),|待售||普通住宅||叠拼||品牌地产||科技住宅|,https://dongjingshengtaichengbgy.fang.com/
湖北,武汉,五矿万境水岸,13500元/O,"3居,4居",109~130平米,江夏区,[三至四环]江夏区大桥新区豹子山街与山湖路交汇处,|在售||联排||普通住宅||低密居所||特色别墅|,https://wanjingshuianwk027.fang.com/
湖北,武汉,金地北辰阅风华,价格待定往期18450元/O,"3居,4居",106~141平米,东西湖区,[三至四环]东西湖区武汉市东西湖区奥园东路 ・ 金银潭永旺旁,|待售||普通住宅||品牌地产||地铁沿线||科技住宅|,https://beichenyuefenghuajd.fang.com/
湖北,武汉,绿城桃李春风,价格待定往期7100元/O,4居,176~190平米,新洲区,[四环以外]新洲区阳逻经济开发区管委会(21号线施岗站附近),|待售||普通住宅||低密居所|,https://taolichunfenglc027.fang.com/
湖北,武汉,状元府,价格待定往期8656元/O,"3居,4居",95~149平米,蔡甸区,[四环以外]蔡甸区蔡甸大街与公园路交汇处,|待售||普通住宅||花园洋房||不限购|,https://zhuangyuanfu027.fang.com/
湖北,武汉,禹洲翡丽公馆3期,12500元/O,,,东西湖区,[三至四环]东西湖区金山大道与赛洛城南路交汇处(沿海赛洛城入口处),|在售||普通住宅||品牌地产||公园地产|,https://sailuochengyh.fang.com/6/
湖北,武汉,光谷H+,21000元/O,2居,55平米,东湖高新区,[三至四环]东湖高新区高新大道与光谷五路交汇处,|待售||LOFT||酒店式公寓|,https://guangguh.fang.com/office/
湖北,武汉,世茂锦绣长江W+,16000元/O起,,,汉阳区,[内至二环]汉阳区滨江大道188号,|在售||住宅底商||购物中心||品牌地产||国际化社区|,https://jinxiuchangjiangsm.fang.com/shop/
湖北,武汉,葛洲坝太阳城,4000元/O,,,东湖高新区,[中环以外]东湖高新区高新四路与佛祖岭三路交汇处(武重集团附近),|在售||总部园区|,https://gezhoubataiyangcheng.fang.com/
湖北,武汉,中交香颂,价格待定,3居,105~110平米,新洲区,[四至外环]新洲区汪集街道汉施公路与荣生路交汇处,|待售||普通住宅||不限购|,https://zhongjiaoxiangsong027.fang.com/
湖北,武汉,世茂龙湾,188万元/套起,"2居,4居,5居",92~227平米,蔡甸区,[四环以外]蔡甸区知音湖大道特8号,|在售||合院||独栋||品牌地产||低总价|,https://shimaolongwan.fang.com/
湖北,武汉,金地中法仟佰汇,价格待定往期9072元/O,"1居,2居",46平米,蔡甸区,[四环以外]蔡甸区汉阳大道与五贤北路交汇处(欧尚超市旁),|待售||普通住宅||标准写字楼||不限购|,https://zhongfaqianbaihuijd.fang.com/
湖北,武汉,汉口派,20000元/O,"2居,3居",69~89平米,江岸区,[二至三环]江岸区解放大道与后湖大道交汇处(轻轨1号线新荣站旁),|在售||普通住宅||商住公寓||地铁沿线|,https://hankoupai.fang.com/
湖北,武汉,时代新世界,26500元/O,"1居,2居",58~79平米,~口区,[内至二环]~口区建设大道与汉西路交汇处(地铁3号线双墩站附近),|在售||普通住宅||品牌地产||地铁沿线|,https://shidaixinshijie.fang.com/
湖北,武汉,联投中心,价格待定往期32000元/O,3居,171平米,武昌区,[内环以内]武昌区和平大道、临江大道与新生路交汇处,|待售||普通住宅||品牌地产||地铁沿线||豪华居住区|,https://liantouzhongxin027.fang.com/
湖北,武汉,阳光100凤凰街,价格待定,"3居,4居",101~128平米,江夏区,[四至外环]江夏区纸坊东站正对面,|待售||普通住宅||花园洋房|,https://100fenghuangjieyg.fang.com/
湖北,武汉,沙湖九玺,价格待定,"3居,4居",127~202平米,武昌区,[内环以内]武昌区公正路29号(湖北省国土资源厅旁),|待售||普通住宅||标准写字楼||豪华居住区||湖景地产|,https://shahujiuxi.fang.com/
湖北,武汉,武汉软件新城,6800元/O,,,东湖高新区,[中环以外]东湖高新区花城大道特1号(花城大道与花山大道交汇处),|在售||标准写字楼||酒店式公寓||总部园区|,https://ruanjianxinchengwh.fang.com/
湖北,武汉,融创中心武汉壹号院,价格待定周边43000元/O,4居,215平米,武昌区,[内环以内]武昌区沙湖大道与公正路交汇处,|待售||大平层||品牌地产||豪华居住区||湖景地产|,https://rongchuangzhongxinwh.fang.com/
湖北,武汉,美好长江首玺,14000元/O,3居,95~123平米,洪山区,[三至四环]洪山区青菱街丽水路与南郊路交汇处,|在售||普通住宅||住宅底商||品牌地产||低总价|,https://changjiangshouximh.fang.com/
湖北,武汉,奥山首府,8700元/O,"3居,4居",110~141平米,蔡甸区,[四环以外]蔡甸区L山街常福大道与黄星大道交汇处(L山新社区正对面),|在售||联排||普通住宅||不限购|,https://xinanshoufuas.fang.com/
湖北,武汉,景瑞天赋滨江,14243元/O,4居,128~141平米,洪山区,[三至四环]洪山区南郊路与三环线交叉口,|在售||普通住宅||住宅底商||江景地产|,https://tianfubinjiangjr.fang.com/
湖北,武汉,华生城・首府,15000元/O起,"2居,3居",43~85平米,~口区,[二至三环]~口区园博大道(宜家旁),|在售||商住楼||地铁沿线||不限购||科技住宅|,https://huashengchengshoufu.fang.com/
湖北,武汉,板桥逸景,9000元/O,"3居,4居",87~142平米,黄陂区,[中环以外]黄陂区板桥大道与岱黄高速交汇处 (黄陂六中对面),|在售||普通住宅||教育地产|,https://banqiaoyijing.fang.com/
湖北,武汉,联投花山郡别墅,14000元/O,,,东湖高新区,[中环以外]东湖高新区花山生态新城花城大道1号(严西湖大桥下桥处),|待售||别墅||湖景地产||山景地产|,https://huashanjunlt.fang.com/villa/
湖北,武汉,武汉天地云廷2期,价格待定往期43500元/O,,,江岸区,[内至二环]江岸区沿江大道与黄浦大街交汇处,|待售||大平层||品牌地产||豪华居住区|,https://wuhantiandiyunting.fang.com/2/
湖北,武汉,光谷崇文中心,11500元/O,1居,43平米,东湖高新区,[三至四环]东湖高新区高新大道与光谷六路交汇处(地铁11号线光谷6路站),|待售||商住楼||地铁沿线||不限购|,https://cjszwhzx.fang.com/
湖北,武汉,碧桂园光谷十里春风,价格待定,,,东湖高新区,[三至四环]东湖高新区光谷四路与大吕路交汇处,|待售||普通住宅||叠拼|,https://shilichunfenggg.fang.com/
湖北,武汉,名流印象,价格待定往期10000元/O,,,汉阳区,[二至中环]汉阳区墨水湖南路与江堤中路交汇处(领馆区旁),|待售||普通住宅||品牌地产||水景地产|,https://mingliuyinxiang027.fang.com/
湖北,武汉,汉南天地,7000元/O,"2居,3居",76~115平米,汉南区,[四环以外]汉南区纱帽正街与滨河大道交汇处(新人民医院旁),|在售||普通住宅||标准写字楼||经济住宅|,https://hannantiandi.fang.com/
湖北,武汉,印江山,价格待定周边9586元/O,"3居,4居",98~132平米,经济开发区,[四环以外]经济开发区武汉经济技术开发区川江池一路1号,|待售||普通住宅||住宅底商|,https://mingzhuhuayuanjr.fang.com/
湖北,武汉,富强天惠园,价格待定,"3居,4居",93~122平米,洪山区,[二至三环]洪山区洪山区白沙洲四坦路特1号,|待售||普通住宅||标准写字楼|,https://fuqiangtianhuiyuan.fang.com/
湖北,武汉,天悦外滩金融中心,140元/平方米.月,,,江岸区,[内至二环]江岸区沿江大道三阳路8号天悦外滩金融中心11楼,|出租||标准写字楼||商住公寓||品牌地产||不限购|,https://tywtjrzx.fang.com/
湖北,武汉,碧桂园海昌克拉公馆,15000元/O,"1居,2居,3居",50~100平米,东西湖区,[三至四环]东西湖区金银潭大道96号,|在售||商住楼||品牌地产||地铁沿线||不限购|,https://kelagongguanbgy.fang.com/
湖北,武汉,新力城,14070元/O,3居,115~131平米,洪山区,[三至四环]洪山区南郊路与三环交汇处,|在售||普通住宅||住宅底商|,https://xinlicheng027.fang.com/
湖北,武汉,光谷新都,9500元/O,"3居,4居",92~123平米,东湖高新区,[四环以外]东湖高新区鄂州市华容区葛店南站南500米,|在售||普通住宅||低密居所||不限购||配套商品房|,https://155068.fang.com/
湖北,武汉,青年说,18000元/O,"2居,3居,4居",34~57平米,汉阳区,[二至三环]汉阳区龙阳大道与四新大道交汇处(地铁3号线四新大道d出口200米左右),|在售||商住楼||小户型||地铁沿线||不限购|,https://qingnianshuo027.fang.com/
湖北,武汉,保利城SOHO中心,16000元/O,,,洪山区,[内至二环]洪山区团结大道与铁机路交汇处(武汉市铁机路学校附近),|在售||商住楼||品牌地产||地铁沿线|,https://baolichengsohozhongxin.fang.com/
湖北,武汉,新力金沙湾,9500元/O,3居,95~118平米,新洲区,[四环以外]新洲区平江大道与汉施公路交汇处(地铁21号线阳逻站c出口旁),|在售||普通住宅||品牌地产||地铁沿线||不限购|,https://jinshawanxl027.fang.com/
湖北,武汉,汉阳城二期云顶,16800元/O,,,汉阳区,[内环以内]汉阳区鹦鹉大道与拦江路交汇处,|在售||普通住宅||商用公寓||小户型||地铁沿线|,https://hycyd.fang.com/2/
湖北,武汉,碧桂园泰富城,18000元/O起,"1居,2居,3居,4居",29~57平米,经济开发区,[中环以外]经济开发区沌口三环线与江城大道交界处(永旺旁),|在售||商住楼||loft||总部园区|,https://mingqizuotf.fang.com/
湖北,武汉,枫泽星都汇,13000元/O,3居,127~128平米,江夏区,[中环以外]江夏区文化大道西侧(大桥新区办事处西北侧),|在售||普通住宅|,https://xingdouhuiyh.fang.com/
湖北,武汉,北辰光谷里,18000元/O,1居,50~123平米,东湖高新区,[二至三环]东湖高新区关山大道光谷天地旁,|在售||办公别墅||企业独栋||品牌地产||创意地产|,https://guanggulibc.fang.com/office/
湖北,武汉,绿地汉正中心,27000元/O,,,江汉区,[内环以内]江汉区江汉区沿河大道1号,|在售||综合体||商住公寓||品牌地产||不限购|,https://hanzhengzhongxinld.fang.com/
湖北,武汉,星悦城5期棠颂,价格待定往期19632元/O,,,江岸区,[二至三环]江岸区江岸区和谐大道(地铁6号线杨汊湖站a1站口旁),|待售||普通住宅|,https://xingyuechengtangsong.fang.com/5/
湖北,武汉,保合太和,12900元/O,3居,99平米,黄陂区,[三至四环]黄陂区盘龙大道与汤仁海路交汇处(地铁2号线盘龙城站出口处),|在售||花园洋房|,https://baohetaihe.fang.com/
湖北,武汉,金地自在城,13000元/O,1居,37平米,青山区,[二至中环]青山区团结大道地铁4号线仁和路出口处(欢乐谷旁),|在售||商住楼||品牌地产||地铁沿线|,https://zizaichengjd027.fang.com/
湖北,武汉,葛洲坝・紫郡m园,12500元/O,,,经济开发区,[三至四环]经济开发区国博中心南(6号线老关村地铁站旁),|在售||商住楼||品牌地产||国际化社区||地铁沿线|,https://zijunlanyuangzb.fang.com/
湖北,武汉,华宇旭辉星空,19000元/O,,,江岸区,[二至三环]江岸区后湖大道与中一路交汇处(中一路地铁站c出口旁),|在售||商住楼||品牌地产||地铁沿线||不限购|,https://huayuxuhuixingkong.fang.com/
湖北,武汉,天纵云湖湾,11000元/O,3居,93~113平米,黄陂区,[三至四环]黄陂区川龙大道与后湖北路交汇处,|在售||普通住宅||湖景地产|,https://tianzongyunhuwan.fang.com/
湖北,武汉,当代云谷,价格待定往期13800元/O,,,东湖高新区,[三至四环]东湖高新区高新四路与佛祖岭二路交汇处,|待售||商住楼||品牌地产||复合地产||景观居所|,https://dangdaiyungu.fang.com/
湖北,武汉,越秀国际金融汇,34000元/O,"4居,5居",161~272平米,江汉区,[内环以内]江汉区精武路1号(新华路体育馆对面),|在售||普通住宅||品牌地产||地铁沿线|,https://guojijinronghuiyx.fang.com/
湖北,武汉,天纵御府,10925元/O,"3居,4居",104~137平米,黄陂区,"[三至四环]黄陂区盘龙城经济开发区岱黄高速以西,盘龙一路以东(天纵城广场对面)",|在售||普通住宅||国际化社区||低密居所||配套商品房|,https://tianzongyufu.fang.com/
湖北,武汉,奥山汉口澎湃城,价格待定,,,东西湖区,[三至四环]东西湖区临空港新城 临空港大道与三店西路交汇处,|待售||普通住宅||商住公寓|,https://pengpaichenghk.fang.com/
湖北,武汉,红松・幸福里,6500元/O,"1居,2居",51~83平米,江夏区,[四环以外]江夏区江夏大道明泽街(碧桂园天玺湾对面),|待售||商住公寓||不限购|,https://hongsongxingfuli.fang.com/
湖北,武汉,世界城香榭丽舍,25500元/O,"2居,3居",82~123平米,东湖高新区,[二至三环]东湖高新区光谷步行街关山大道口,|在售||普通住宅||市场类商铺||品牌地产||低总价|,https://xiangxielishesjc.fang.com/
湖北,武汉,汉北怡景园,价格待定周边10225元/O,"2居,3居",84~118平米,黄陂区,[三至四环]黄陂区武湖大道与梅教街交叉口西北,|待售||普通住宅||地铁沿线||不限购||江景地产|,https://changhuiyijingyuan.fang.com/
湖北,武汉,中建光谷之星,30000元/O起,,,东湖高新区,[三至四环]东湖高新区高新大道与光谷六路交汇处(东湖高新管委会东侧),|待售||住宅底商||品牌地产||不限购|,https://guangguzhixingzj.fang.com/shop/
湖北,武汉,保利天悦中心,22000元/O,,,东湖高新区,[二至三环]东湖高新区关山大道332号,|在售||标准写字楼||品牌地产|,https://tianyuezhongxinbl.fang.com/
湖北,武汉,湖北创投大厦,25000元/O,,496~520平米,武昌区,[内至二环]武昌区欢乐大道一号(地铁4号线岳家嘴站d出口),|待售||标准写字楼||现房||地铁沿线|,https://guomaozhongxindh.fang.com/
湖北,武汉,武汉建工科技中心,14000元/O,,,经济开发区,[三至四环]经济开发区武汉市经济技术开发区沌阳大道409号(地铁3号线沌阳大道站旁),|在售||标准写字楼|,https://whjgkjzx.fang.com/office/
湖北,武汉,融侨华翔天域,27000元/O,3居,118~133平米,武昌区,[内至二环]武昌区武昌和平大道与铁机路交汇处,|在售||普通住宅||地铁沿线|,https://rongqiaotianyu.fang.com/
湖北,武汉,鹏湖湾,价格待定往期11900元/O,,,江夏区,[中环以外]江夏区珞狮南路延长线文化大道(华师汉口分校南行200米),|待售||普通住宅||大平层||湖景地产|,https://xintiandijn.fang.com/
湖北,武汉,杨春湖畔,16541元/O,,,洪山区,[二至中环]洪山区友谊大道与杨春湖路交汇处(武汉站北),|待售||普通住宅||花园洋房||湖景地产|,https://yangchunhupanzgtj.fang.com/
湖北,武汉,山海观,13000元/O,3居,97~123平米,黄陂区,[三至四环]黄陂区盘龙大道汤云海路(地铁2号线盘龙城站b出口附近),|在售||普通住宅||低密居所||湖景地产||山景地产|,https://shanhaiguanwh.fang.com/
湖北,武汉,兰亭盛荟・盛荟SOHO,价格待定往期16000元/O,,,汉阳区,[二至三环]汉阳区四新北路与江堤中路交汇处(国博会展中心旁),|待售||商住楼||地铁沿线||江景地产|,https://lantingshenghuigd.fang.com/
湖北,武汉,泛海国际芸海园,28350元/O,"3居,4居",106~208平米,江汉区,[内至二环]江汉区武汉中央商务区黄海路(体育公园旁),|在售||普通住宅||花园洋房||品牌地产||地铁沿线|,https://yunhaiyuanfhgj.fang.com/
湖北,武汉,越秀逸境,12900元/O,"3居,4居",99~161平米,经济开发区,[四环以外]经济开发区全力一路与后官湖南路交界,|在售||普通住宅||住宅底商|,https://yuexiuyijing.fang.com/
湖北,武汉,西北湖壹号御玺湾,35000元/O,"4居,5居",199~318平米,江汉区,[内至二环]江汉区长江大道与黄孝西路交汇处,|在售||普通住宅||豪华居住区||湖景地产|,https://xibeihuyihao.fang.com/
湖北,武汉,临空香廷,11500元/O,"3居,4居,5居",99~164平米,黄陂区,[三至四环]黄陂区武汉・临空新城(地铁二号线航空总部站),|在售||普通住宅||花园洋房||低密居所||花园洋房|,https://linkongxiangting.fang.com/
湖北,武汉,保利・江锦,29800元/O,4居,185平米,武昌区,[内至二环]武昌区柴林头村,|在售||普通住宅||商住公寓|,https://baolijiangjin.fang.com/
湖北,武汉,天屿湖,7800元/O,"2居,3居,4居",75~138平米,,[四环以外]中国・武汉西・天屿湖,|在售||独栋||联排||不限购||湖景地产|,https://154578.fang.com/
湖北,武汉,中海・锦城国际,11500元/O,3居,89~109平米,东湖高新区,[外环以外]东湖高新区鄂州市葛店经济技术开发区高新大道与发展大道交汇处,|在售||普通住宅||住宅底商|,https://155654.fang.com/
湖北,武汉,保利城,25500元/O,"3居,4居",158~173平米,洪山区,[内至二环]洪山区团结大道铁机路交叉口(梨园中学附近),|在售||普通住宅||商住公寓||品牌地产||国际化社区|,https://baolicheng027.fang.com/
湖北,武汉,保利大都会尚湖,22000元/O起,3居,101~136平米,洪山区,[二至三环]洪山区洪山区洪山区卓刀泉南路・洪山外国语学校对面,|在售||普通住宅||品牌地产||国际化社区||豪华居住区|,https://daduhuij12bl.fang.com/
湖北,武汉,颐桂苑,19500元/O,3居,99平米,洪山区,[内至二环]洪山区沙湖大道与罗家港路交汇处,|在售||普通住宅|,https://yiguiyuan027.fang.com/
湖北,武汉,金拓・银湖时代,14160元/O,"2居,3居",69~119平米,东西湖区,[三至四环]东西湖区武汉市东西湖区金银湖马池中路马池小学旁,|在售||普通住宅||住宅底商|,https://yinhushidaijt.fang.com/
湖北,武汉,越秀翰悦府,价格待定往期8656元/O,"3居,4居",113~140平米,蔡甸区,[四环以外]蔡甸区莲花湖大道与蔡姚路交汇处(莲花小区旁),|待售||普通住宅||花园洋房||品牌地产||地铁沿线|,https://hanyuefuyx.fang.com/
湖北,武汉,天下・南湖湾,22000元/O,"2居,3居,4居",38~127平米,洪山区,[二至三环]洪山区武汉市洪山区珞狮南路310号(省种子管理局旁),|在售||商住楼||湖景地产||科技住宅|,https://tianxiananhuwan.fang.com/
湖北,武汉,汉口北卓尔生活城,价格待定往期12500元/O,"2居,3居",86~132平米,黄陂区,[中环以外]黄陂区盘龙城汉口北大道特1号(岱黄高速公路与巨龙大道交汇处),|待售||普通住宅||经济住宅||不限购|,https://zhuoershenghuochenghkb.fang.com/
湖北,武汉,南德泊湖澜岸,6400元/O,"2居,3居",39~135平米,新洲区,[四环以外]新洲区汉施大道余泊南路交汇处,|在售||商住楼||不限购||湖景地产|,https://bohulanannd.fang.com/
湖北,武汉,世纪中心,23000元/O,,,江汉区,[内环以内]江汉区沿江大道武汉关旁(地铁2号线江汉路站附近),|在售||标准写字楼||品牌地产||地铁沿线|,https://shijizhongxin027.fang.com/
湖北,武汉,光谷科技港,8700元/O,,,东湖高新区,[中环以外]东湖高新区大学园路与华师园北路交汇处,|在售||标准写字楼||品牌地产|,https://guanggukejigang.fang.com/
湖北,武汉,德信江南大院,10209元/O,"3居,4居",101~121平米,蔡甸区,[四至外环]蔡甸区莲花湖大道与公园路交汇处,|在售||普通住宅||住宅底商||不限购||山景地产|,https://jiangnandayuandx.fang.com/
湖北,武汉,万科金色城市,价格待定往期8300元/O,,,洪山区,[二至三环]洪山区白沙五路1号(武昌南・三环内・白沙高架旁),|待售||普通住宅||教育地产||景观居所||||华中师范大学附属小学金色城市分校||项目宣传|||,https://jinsechengshiwk.fang.com/
湖北,武汉,阳逻万达广场御江,23000元/O,"3居,4居",140~170平米,新洲区,[外环以外]新洲区柴泊大道与翔飞路交汇处南行300米,|待售||合院||独栋|,https://wandaguangchangyujiangyl.fang.com/
湖北,武汉,兰亭风华,7700元/O,"3居,4居",93~143平米,汉南区,[四环以外]汉南区马影河大道汉南高速出口,|在售||普通住宅||地铁沿线||不限购|,https://lantingfenghua.fang.com/
湖北,武汉,武汉诺德逸园,10227元/O,"3居,4居",97~115平米,黄陂区,[三至四环]黄陂区横店街环后湖北路以北、临空东街以东,|在售||普通住宅||住宅底商||地铁沿线||不限购|,https://nuodeyiyuanwh.fang.com/
湖北,武汉,江樾云著,14166元/O,"3居,4居",86~117平米,东西湖区,[三至四环]东西湖区轻轨1号线五环大道站旁,|在售||普通住宅||地铁沿线|,https://jiangyueyunzhujh.fang.com/
湖北,武汉,万科五彩城,11000元/O,3居,90~106平米,武汉周边,[外环以外]武汉周边葛店经济开发区创业大道与湖滨大道交汇处,|在售||普通住宅||品牌地产||低密居所|,https://wucaichengwk.fang.com/
湖北,武汉,万科新世纪翡翠滨江,价格待定往期16500元/O,3居,118~142平米,汉阳区,[二至三环]汉阳区琴台大道888号(知音桥头・琴台大道与二环线交汇处),|待售||普通住宅||住宅底商||品牌地产||江景地产|,https://hanjiangwanxsj.fang.com/
湖北,武汉,复地海上海,19000元/O,"3居,4居",105~186平米,汉阳区,[二至中环]汉阳区建港路1号(鹦鹉大道建港路站旁),|在售||商住楼||品牌地产||地铁沿线||不限购|,https://haishanghaifd.fang.com/
湖北,武汉,汉水新城中法印象,8300元/O,"2居,3居",76~119平米,蔡甸区,[中环以外]蔡甸区王家湾西琴台大道延长线(中法友谊大桥旁),|在售||普通住宅||花园洋房||低总价||小户型|,https://zhongfayinxianghsxc.fang.com/
湖北,武汉,中央花园城,价格待定往期6656元/O,,,新洲区,[四环以外]新洲区新港柴泊湖畔(近余泊南路),|待售||普通住宅||品牌地产||湖景地产||宜居生态地产|,https://zyhyceq.fang.com/
湖北,武汉,光和创谷,价格待定,,,东湖高新区,[三至四环]东湖高新区高新大道与驿山南路交汇处(湖北省科技馆新馆对面),|待售||商住楼||地铁沿线||不限购|,https://guanghechuanggu.fang.com/
湖北,武汉,恒大金碧天下二期,8500元/O,"2居,3居,4居",80~143平米,东湖高新区,[外环以外]东湖高新区红莲湖度假区金碧大道,|在售||普通住宅||景观居所||特色别墅||花园洋房|,https://169220.fang.com/
湖北,武汉,光谷悦城,价格待定往期15000元/O,,,东湖高新区,[二至三环]东湖高新区光谷一路与高新二路交汇处(金龙凯旋建材家俱广场对面),|待售||普通住宅||复合地产||景观居所||宜居生态地产|,https://guangguyuecheng.fang.com/
湖北,武汉,北辰蔚蓝城市,11370元/O,"2居,3居,4居",82~140平米,黄陂区,[四环以外]黄陂区川龙大道与后湖北路交汇处(奥特莱斯北侧),|在售||普通住宅||花园洋房||低密居所||不限购|,https://beichenweilanchengshi.fang.com/
湖北,武汉,鼎鑫摩卡小镇四期,11152元/O,"2居,3居,4居",85~128平米,黄陂区,[三至四环]黄陂区经济开发区露甲山路特8号(开发区管委会对面),|在售||普通住宅||低密居所||公园地产|,https://mokaxiaozhendx.fang.com/
湖北,武汉,百瑞景滨江生活区,价格待定,,,新洲区,[四至外环]新洲区新洲区阳逻街平江大道以北(湖北大学阳逻校区正对面),|待售||普通住宅||购物中心||不限购||湖景地产|,https://bairuijingbinjiangshenghuoqu.fang.com/
湖北,武汉,光谷万科中心,20000元/O,,,东湖高新区,[二至三环]东湖高新区雄楚大道1008号(关山中学旁),|在售||标准写字楼||品牌地产||创意地产|,https://wankezhongxingg.fang.com/
湖北,武汉,金鑫国际大厦,50元/平方米.月,,,东湖高新区,[二至三环]东湖高新区光谷大道与高新大道交叉口,|待售||标准写字楼||长租公寓|,https://guojidashajx027.fang.com/
湖北,武汉,华发未来荟,16000元/O,"1居,2居,3居,4居",40~336平米,汉阳区,[二至三环]汉阳区江城大道与四新南路交汇处(路虎4s店对面),|在售||商住楼||品牌地产||不限购||loft|,https://weilaihuihf.fang.com/
湖北,武汉,城开云悦邸,18000元/O,"3居,4居",113~182平米,江岸区,[二至三环]江岸区后湖大道与解放大道交汇处(新荣客运站斜对面),|在售||普通住宅||品牌地产||地铁沿线|,https://yunyuedick.fang.com/
湖北,武汉,光谷澎湃城奥山府,16600元/O,4居,193~235平米,东湖高新区,[三至四环]东湖高新区光谷三路与高新三路交汇处(奥体中心东侧500米),|在售||合院||普通住宅||品牌地产||特色别墅|,https://guanggupengpaicheng.fang.com/
湖北,武汉,仁恒公园世纪,价格待定,4居,165~175平米,江岸区,[二至三环]江岸区健身路与兆瑞大道交汇处(市民之家旁),|待售||普通住宅||品牌地产||国际化社区||地铁沿线|,https://gongyuanshijirh027.fang.com/
湖北,武汉,翡翠中心・润玺,价格待定,"3居,4居",112~148平米,~口区,[二至三环]~口区古田二路与长丰大道交汇处,|待售||普通住宅|,https://feicuizhongxinrunxi.fang.com/
湖北,武汉,光谷学府,价格待定,,,东湖高新区,"[三至四环]东湖高新区高新二路与高科园路交叉口东北100米,光谷外国语学校对面",|待售||普通住宅||叠拼||品牌地产|,https://guangguxuefu.fang.com/
湖北,武汉,花样年碧云天,价格待定,3居,87~128平米,东西湖区,[三至四环]东西湖区环湖三路与董家墩路交汇处,|待售||普通住宅||湖景地产|,https://biyuntianhyn.fang.com/
湖北,武汉,富强国际,价格待定,,,江汉区,[内至二环]江汉区水利北路与范湖路交汇处,|租售||标准写字楼||不限购|,https://fuqiangguoji.fang.com/
湖北,武汉,武汉军运村,价格待定周边14416元/O,,,江夏区,[三至四环]江夏区黄家湖大道地铁8号线军运村站,|待售||普通住宅|,https://junyuncunwh.fang.com/
湖北,武汉,金川・纯水岸,11800元/O,"1居,2居,3居",50~90平米,黄陂区,[三至四环]黄陂区盘龙城经济开发区甲宝山路9号,|在售||普通住宅|,https://wuhan.newhouse.fang.com/house/2610155442.htm
湖北,武汉,龙庭华府,价格待定往期6300元/O,,,蔡甸区,[四环以外]蔡甸区汉阳大道与汉江路交汇处(泰佛工业园对面),|待售||普通住宅||经济住宅|,https://longtinghuafu027.fang.com/
湖北,武汉,全能通双创园,4500元/O,,,东西湖区,[三至四环]东西湖区田园东路方圆国际,|在售||综合体||总部园区||不限购|,https://shuangchuangyuanqnt.fang.com/
湖北,武汉,中建壹品澜郡,9985元/O,3居,89~111平米,黄陂区,[四环以外]黄陂区川龙大道与环后湖北路交汇处东向200米(奥特莱斯以北),|待售||普通住宅||住宅底商||品牌地产||不限购|,https://yipinlanjunzj.fang.com/
湖北,武汉,葛洲坝龙湖江宸,价格待定,1居,43平米,江汉区,[内至二环]江汉区武汉青年路(范湖站地铁口),|待售||商住楼||品牌地产||地铁沿线|,https://longhujiangchengzb.fang.com/
湖北,武汉,中核时代广场,价格待定往期12000元/O,"3居,4居",87~169平米,汉阳区,[二至中环]汉阳区江城大道与梅林四街交叉口东南角(中医院斜对面),|待售||普通住宅||品牌地产|,https://shidaiguangchangzh.fang.com/
湖北,武汉,新城桃李郡,价格待定,"3居,4居",101~130平米,东西湖区,[三至四环]东西湖区轻轨1号线三店站d出口,|待售||普通住宅|,https://taolijunxc027.fang.com/
湖北,武汉,金融街金悦府,价格待定,,,江夏区,[三至四环]江夏区珞狮南路延长线文化大道与环湖路交会处,|待售||合院||普通住宅||地铁沿线||湖景地产|,https://jinrongjiejinyuefu.fang.com/
湖北,武汉,旭辉华宇江悦府,价格待定往期13500元/O,"3居,4居",95~140平米,洪山区,[三至四环]洪山区南郊路与丽水路交汇处,|待售||普通住宅||住宅底商||品牌地产||江景地产|,https://jiangyuefu027.fang.com/
湖北,武汉,佳兆业广场天御,32000元/O,"1居,2居,4居",46~161平米,武昌区,[内环以内]武昌区武珞路十五中正对面,|在售||普通住宅||商住公寓||品牌地产|,https://guangchangtianyujzy.fang.com/
湖北,武汉,武汉绿地城,8800元/O,"3居,4居",87~135平米,汉南区,[中环以外]汉南区汉南区马影河大道(汉洪高速汉南出口处),|在售||联排||普通住宅||品牌地产||不限购|,https://lvdichengwh.fang.com/
湖北,武汉,光谷创新天地,价格待定往期17200元/O,"3居,4居",140~240平米,东湖高新区,[三至四环]东湖高新区光谷六路与神墩一路交汇处,|待售||普通住宅||品牌地产|,https://chuangxintiandigg027.fang.com/
湖北,武汉,CBD楚世家,31000元/O,,,江汉区,[内至二环]江汉区武汉中央商务区建设大道181号(海军工程大学对面),|在售||普通住宅||标准写字楼||地铁沿线|,https://cbdchushijia.fang.com/
湖北,武汉,翰林尚苑,16780元/O,3居,103~126平米,洪山区,[三至四环]洪山区文化大道新路村到文化大道大港村沿线,|在售||普通住宅||地铁沿线||低密居所||湖景地产|,https://hanlinshangyuan027.fang.com/
湖北,武汉,华发四季,13525元/O,3居,90~115平米,东西湖区,[三至四环]东西湖区轻轨1号线三店站旁,|在售||普通住宅||住宅底商||公园地产||科技住宅|,https://huafasiji027.fang.com/
湖北,武汉,融创观澜府,16800元/O起,"2居,3居,4居",104~237平米,东西湖区,[三至四环]东西湖区金山大道与二雅路交汇处,|在售||普通住宅||叠拼||品牌地产||地铁沿线|,https://guanlanfurc.fang.com/
湖北,武汉,美联奥林匹克花园五期,16670元/O,"2居,3居,4居",87~140平米,东西湖区,[三至四环]东西湖区马池路与机场高速交汇处(地铁二号线金银潭站旁),|在售||普通住宅||湖景地产|,https://aolinpikehuayuanml.fang.com/5/
湖北,武汉,越秀汉阳星汇云锦,价格待定周边16860元/O,,,汉阳区,[二至三环]汉阳区晴川大道与洲头五路交汇处,|待售||普通住宅||江景地产|,https://hanyangxinghuiyunjin.fang.com/
湖北,武汉,复地海上海,19000元/O,"3居,4居",105~186平米,汉阳区,[二至中环]汉阳区建港路1号(鹦鹉大道建港路站旁),|在售||商住楼||品牌地产||地铁沿线||不限购|,https://haishanghaifd.fang.com/
湖北,武汉,万科汉口传奇锦棠,22541元/O,,,江汉区,[二至中环]江汉区江汉区常青一路与双华路交汇处(新唐万科广场旁),|待售||普通住宅||品牌地产||地铁沿线||||红领巾第二学校(规划中)|||,https://hankouchuanqitangyuewk.fang.com/
湖北,武汉,兴华御水澜湾,32000元/O,,,汉阳区,[二至中环]汉阳区墨水湖南路与连通港路交汇处(领馆区正对面),|待售||普通住宅||湖景地产|,https://yushuilanwanxh.fang.com/
湖北,武汉,凯德悦湖,价格待定往期9280元/O,3居,90~117平米,蔡甸区,[中环以外]蔡甸区汉阳大道与知音湖大道交汇处(知音的湖公交站附近),|待售||普通住宅||品牌地产||低总价||不限购|,https://kaideyuehu.fang.com/
湖北,武汉,正商金域世家,15500元/O,3居,108~127平米,洪山区,[二至三环]洪山区白沙五路与青菱西路交汇处,|在售||普通住宅||品牌地产||地铁沿线||低密居所|,https://jinyushijiazs027.fang.com/
湖北,武汉,盘龙理想城,10300元/O,"2居,3居",86~115平米,黄陂区,[三至四环]黄陂区经济开发区巨龙大道56号(下岱黄高速右行),|在售||普通住宅||地铁沿线||湖景地产|,https://lixiangchengpl.fang.com/
湖北,武汉,碧桂园云境,18000元/O,"3居,4居,5居",108~172平米,东湖高新区,[三至四环]东湖高新区武汉・光谷・高新二路(省奥体中心东行约800米),|在售||普通住宅||叠拼|,https://biguiyuanyunjing.fang.com/
湖北,武汉,华发越秀悦府,价格待定,3居,90~130平米,黄陂区,[三至四环]黄陂区庆云路与航城东路交汇处(地铁2号线航空总部站旁),|待售||普通住宅||品牌地产||地铁沿线|,https://yuexiuyuefuhf.fang.com/
湖北,武汉,梦想特区宏图里,价格待定往期14000元/O,"3居,4居,5居",115~204平米,东西湖区,[三至四环]东西湖区金银潭大道与宏图大道交汇处,|待售||普通住宅||品牌地产||地铁沿线||配套商品房|,https://hongtulimxtq.fang.com/
湖北,武汉,江御,价格待定,,,汉阳区,[内至二环]汉阳区滨江大道与拦江路交汇处西南角,|待售||普通住宅|,https://jiangyu.fang.com/
湖北,武汉,拾光里,价格待定往期8500元/O,4居,137平米,江夏区,[四环以外]江夏区锦绣大道毛里畈附近,|待售||普通住宅||品牌地产||不限购|,https://shiguangli027.fang.com/
湖北,武汉,中建壹品澜悦,价格待定,,,东湖高新区,"[三至四环]东湖高新区葛店南站,奥特莱斯旁(高新大道与湖滨大道交汇处)",|待售||商住楼|,https://yipinlanyuezj.fang.com/
湖北,武汉,保利香颂・枫丹白露,24000元/O,"3居,4居",106~175平米,汉阳区,[二至三环]汉阳区龙阳大道与四新大道交汇处(地铁3号线四新大道站d出口),|待售||合院||普通住宅||品牌地产||地铁沿线|,https://baolixiangsong.fang.com/
湖北,武汉,武汉恒大时代新城,价格待定,"2居,3居,4居",79~203平米,汉南区,[三至四环]汉南区纱帽大道特一号,|待售||普通住宅||花园洋房||品牌地产|,https://hengdashidaixinchengwh.fang.com/
湖北,武汉,华中中交城,13000元/O,,,经济开发区,[三至四环]经济开发区春晓路与海棠路交汇处(经开永旺旁),|待售||总部园区||企业独栋|,https://zhongjiaochenghz.fang.com/
湖北,武汉,联投龙湾,价格待定往期11700元/O,"3居,4居",117~166平米,江夏区,[三至四环]江夏区珞狮南路延长线文化大道(武汉东湖学院旁),|待售||普通住宅||湖景地产|,https://liantoulongwan.fang.com/
湖北,武汉,华发外滩首府,36000元/O,"3居,4居",126~192平米,江岸区,[内至二环]江岸区中山大道永泰路口(滨江苑旁),|在售||普通住宅||江景地产|,https://huafashoufu027.fang.com/
湖北,武汉,长江青年城,6480元/O,"1居,2居",47~72平米,黄陂区,[三至四环]黄陂区盘龙城经济开发区汉口北大道88号,|在售||商住楼||低总价||地铁沿线|,https://changjiangqingniancheng.fang.com/
湖北,武汉,远洋万和四季,价格待定往期20000元/O,"3居,4居",102~143平米,江汉区,[二至三环]江汉区武汉市江汉区发展大道125号,|待售||普通住宅||品牌地产||国际化社区|,https://wanhesijiyy027.fang.com/
湖北,武汉,天汇龙城,11240元/O,"3居,4居",102~171平米,黄陂区,[三至四环]黄陂区盘龙城巨龙大道90号,|在售||普通住宅||品牌地产||经济住宅|,https://tianhuilongcheng.fang.com/
湖北,武汉,保利庭瑞・阅江台,18080元/O,"3居,4居",107~133平米,汉阳区,[二至三环]汉阳区琴台大道与玉龙路交汇处,|在售||普通住宅||品牌地产||国际化社区||豪华居住区|,https://baolitingruiyuejiangtai.fang.com/
湖北,武汉,华星融城,15000元/O,"2居,3居,4居",98~141平米,东西湖区,[三至四环]东西湖区姑李路88号(常青花园东入口),|在售||普通住宅||地铁沿线||科技住宅|,https://huaxingrongcheng.fang.com/
湖北,武汉,绿城金地凤起听澜,价格待定周边25000元/O,,,汉阳区,[二至三环]汉阳区(长江主轴上游核心区)晴川大道与四新南路交汇处,|待售||普通住宅||叠拼||品牌地产||江景地产|,https://fengqitinglanlcjd.fang.com/
湖北,武汉,滨湖壹号V公馆,12000元/O,"2居,3居,4居",73~150平米,江夏区,[三至四环]江夏区藏龙岛科技园藏龙大道10号(藏龙大道与谭湖路交汇处),|在售||独栋||普通住宅||湖景地产|,https://vgongguanbhyh.fang.com/
湖北,武汉,星湖湾及君怡公馆,价格待定,,,江岸区,[二至三环]江岸区后湖大道和中一路交汇处,|待售||普通住宅||地铁沿线|,https://xinghuwanjijunyigongguan.fang.com/
湖北,武汉,金科城,19010元/O,"3居,4居",111~140平米,洪山区,[二至三环]洪山区友谊大道和仁和路交汇处(地铁4号线仁和路附近),|在售||普通住宅||品牌地产|,https://jinkecheng027.fang.com/
湖北,武汉,泛悦城,25550元/O,"1居,2居",70~100平米,东湖高新区,[二至三环]东湖高新区关山大道与珞喻路交汇处(华中科技大学正对面),|在售||普通住宅||品牌地产||地铁沿线|,https://fanyuecheng.fang.com/
湖北,武汉,保利时代,24200元/O,4居,156~161平米,东湖高新区,[二至三环]东湖高新区关山大道332号(新竹路与关山大道交汇处),|在售||普通住宅||品牌地产||地铁沿线||||武汉市光谷第一小学(东校区)||教育局划片|||,https://baolishidai.fang.com/
湖北,武汉,鄂旅投书院世家,价格待定往期11800元/O,"3居,4居",87~125平米,洪山区,[三至四环]洪山区白沙洲大道黄家湖大学城斜对面(绅宝大道武珞路小学分校旁),|待售||普通住宅||低密居所||湖景地产|,https://shuyuanshijiaelt.fang.com/
湖北,武汉,清能清江锦城,价格待定往期13500元/O,"2居,3居",93~113平米,洪山区,[二至三环]洪山区张家湾街烽胜路55号(烽胜路和白沙四路交汇处),|待售||普通住宅||现房||地铁沿线||配套商品房|,https://qingjiangjinchengqn.fang.com/
湖北,武汉,幸福湾,17500元/O,3居,94~124平米,江岸区,[二至三环]江岸区解放大道与堤边路交汇处(轻轨1号线滕子岗站),|在售||普通住宅||地铁沿线|,https://xingfuwan027.fang.com/
湖北,武汉,龙湖春江彼岸,价格待定,"3居,4居",110~173平米,汉阳区,[二至三环]汉阳区晴川大道与两湖路交汇处(建港路地铁站),|待售||普通住宅||品牌地产||国际化社区||地铁沿线|,https://chunjiangbianlh027.fang.com/
湖北,武汉,光谷鼎创国际,10000元/O,,,东湖高新区,[二至三环]东湖高新区光谷大道与三环线交汇处,|在售||总部园区||品牌地产||地铁沿线||不限购|,https://ggcxcyjd.fang.com/
湖北,武汉,复地东湖国际,价格待定,,,武昌区,[内至二环]武昌区中北路118号(原武重工厂),|待售||普通住宅||花园洋房||品牌地产||||武昌实验小学东湖国际校区||教育局划片|||,https://donghuguojifd.fang.com/
湖北,武汉,万科保利联投理想星光,13300元/O,"3居,4居",100~120平米,江夏区,[三至四环]江夏区军运村南岸・黄家湖大道・近地铁8号线,|在售||普通住宅||地铁沿线||湖景地产|,https://lixiangxingguangblwklt.fang.com/
湖北,武汉,南益名悦华府,价格待定,"3居,4居",95~130平米,洪山区,[三至四环]洪山区青菱新城南郊路与建阳四路交汇处以东,|待售||普通住宅||品牌地产||湖景地产||江景地产|,https://nanyimingyuehuafu.fang.com/
湖北,武汉,中海澳门佳园,29000元/O,"1居,2居",48~72平米,江岸区,[内环以内]江岸区澳门路和解放大道交汇处,|在售||普通住宅||住宅底商|,https://aomenjiayuanzh.fang.com/
湖北,武汉,华润・万象城・幸福里,价格待定,,,江岸区,[内至二环]江岸区建设大道与台北路交汇处,|待售||普通住宅||购物中心||湖景地产|,https://wanxiangchengxingfulihrzd.fang.com/
湖北,武汉,经开官湖澜岸,10000元/O,"2居,3居",84~117平米,经济开发区,[四环以外]经济开发区后官湖大道与枫树三路交汇约200米处,|在售||普通住宅|,https://guanhulanjunjk.fang.com/
湖北,武汉,大华公园华府,价格待定往期9153元/O,"3居,4居",85~134平米,黄陂区,[三至四环]黄陂区盘龙大道后湖大桥北,|待售||普通住宅||品牌地产||低密居所||不限购|,https://gongyuanhuafudh.fang.com/
湖北,武汉,金地・保利・褐石公馆,16171元/O,,,洪山区,[二至三环]洪山区白沙五路与青菱西路交汇处,|在售||普通住宅||叠拼||品牌地产||低总价|,https://heshigongguanjdbl027.fang.com/
湖北,武汉,华侨城・原岸,31000元/O,"3居,4居,5居",135~322平米,武昌区,[二至三环]武昌区欢乐大道228号(生态运动公园旁),|在售||普通住宅||叠拼||湖景地产||旅游地产|,https://yuananhqc027.fang.com/
湖北,武汉,远洋东方境世界观,价格待定,"3居,4居",120~249平米,汉阳区,[内至二环]汉阳区钟家村地铁站b出口旁,|待售||商住楼||国际化社区||地铁沿线|,https://dongfangjingshijieguanyy.fang.com/
湖北,武汉,融创望江府,价格待定,,,武昌区,[二至三环]武昌区解放路南(鹦鹉洲长江大桥桥头),|待售||普通住宅||住宅型公寓||江景地产||科技住宅|,https://wangjiangfurc027.fang.com/
湖北,武汉,碧桂园云玺,18000元/O,3居,108~120平米,东湖高新区,[三至四环]东湖高新区光谷中心城・光谷六路(光谷外校北侧约300米),|待售||普通住宅||叠拼||品牌地产|,https://yunxibgy027.fang.com/
湖北,武汉,美好名流汇二期,价格待定往期16500元/O,"2居,3居,4居",84~139平米,~口区,[二至三环]~口区解放大道辛家地(中百仓储旁),|待售||普通住宅||品牌地产||小户型||国际化社区|,https://mhmlh.fang.com/2/
湖北,武汉,梧桐花园,价格待定,"2居,3居,4居",74~148平米,洪山区,[二至三环]洪山区白沙洲大道与安鑫路交汇处,|待售||普通住宅||住宅底商||地铁沿线|,https://wutonghuayuan027.fang.com/
湖北,武汉,中信泰富滨江金融城,34000元/O,"1居,2居,3居,4居",75~190平米,江岸区,[内至二环]江岸区汉口滨江国际金融城,|在售||商住公寓||大平层||地铁沿线||江景地产|,https://binjiangjinrongchengzxtf.fang.com/
湖北,武汉,保利和光晨樾,8503元/O起,3居,95~168平米,江夏区,[四环以外]江夏区白沙洲大道东风小学旁,|在售||合院||普通住宅||品牌地产||低密居所|,https://baoliheguangchenyue.fang.com/
湖北,武汉,爱家名校华城,价格待定往期9600元/O,4居,133~155平米,洪山区,[三至四环]洪山区白沙洲大道5号(武汉华中城对面),|待售||普通住宅||花园洋房||品牌地产||||武珞路小学爱家分校||项目宣传|||,https://youyouchengwhaj.fang.com/
湖北,武汉,佳兆业悦府,12900元/O,"3居,4居",97~135平米,东西湖区,[三至四环]东西湖区三店大道与轨道交通1号线交汇处(1号线三店站a出口),|待售||普通住宅||花园洋房||地铁沿线||低密居所|,https://jiazhaoyeyuefu.fang.com/
湖北,武汉,招商一江Z城,19055元/O,"2居,3居,4居",78~142平米,青山区,[二至三环]青山区和平大道建设六路(原13、14街坊),|在售||普通住宅||品牌地产||地铁沿线||水景地产|,https://yijiangjingchengzs.fang.com/
湖北,武汉,联投光谷瑞园,价格待定周边20000元/O,"3居,4居",99~195平米,东湖高新区,[三至四环]东湖高新区花山大道与大长山路交汇处,|待售||普通住宅||花园洋房||品牌地产||低密居所|,https://guangguruiyuanlt.fang.com/
湖北,武汉,钰龙旭辉半岛,18750元/O,"2居,3居,4居",88~143平米,汉阳区,[二至中环]汉阳区墨水湖北路与汉桥路的交汇处约800米(二环汉桥路出口),|在售||联排||普通住宅||湖景地产||科技住宅|,https://yulongxuhuibandao.fang.com/
湖北,武汉,地铁盛观尚城,14420元/O,"3居,4居",101~160平米,经济开发区,[二至三环]经济开发区地铁3号线汉阳客运站c出口,|在售||普通住宅||品牌地产||地铁沿线||低密居所|,https://shengguanshangchengdt.fang.com/
湖北,武汉,中国核建锦城,价格待定往期8400元/O,"3居,4居",100~145平米,蔡甸区,"[四至外环]蔡甸区汉阳大道中核世纪广场对面(新天大道以南,汉蔡高速以北)",|待售||普通住宅||品牌地产||不限购|,https://jinchengzghj.fang.com/
湖北,武汉,海伦小镇,120万元/套起,,,经济开发区,[中环以外]经济开发区小军村经开大道特一号(四环线与汉洪高速交汇处),|在售||独栋||联排||豪华居住区||低密居所|,https://qianluwanhlb.fang.com/
湖北,武汉,清能正荣府,9455元/O,3居,108~119平米,黄陂区,[三至四环]黄陂区长江新城汉口北大道与胜海大道交汇处,|待售||普通住宅||住宅底商||品牌地产||低总价|,https://qingnengzhengrongfu.fang.com/
湖北,武汉,绿城武汉黄浦湾,价格待定往期50000元/O,3居,100平米,江岸区,[内至二环]江岸区二七沿江商务区南片(江岸区中山大道与韦桑路交汇处),|待售||普通住宅||住宅底商||江景地产|,https://huangpuwanlc027.fang.com/
湖北,武汉,绿城・凤起乐鸣,价格待定,"3居,4居",109~142平米,东湖高新区,[三至四环]东湖高新区花山生态新城花城北路与双谷路的交汇处,|待售||普通住宅||叠拼|,https://fengqiyueminglc.fang.com/
湖北,武汉,万科云城,价格待定往期16623元/O,,,洪山区,[二至三环]洪山区白沙洲大道与八坦路交叉路口(杨泗港大桥武昌桥头),|待售||普通住宅||标准写字楼||国际化社区||科技住宅|,https://wankeyuncheng027.fang.com/
湖北,武汉,绿地铂瑞公馆,25000元/O,"1居,2居",60~237平米,武昌区,[内至二环]武昌区和平大道750号(原武昌车辆厂),|在售||商住楼||地铁沿线||不限购||江景地产|,https://boruigongguanld.fang.com/
湖北,武汉,美联联邦生活区二期城仕,价格待定往期18200元/O,,,江岸区,[二至三环]江岸区兴业路与文博路交汇处(华中图书交易中心对面),|待售||普通住宅||品牌地产|,https://lianbangshenghuoquml.fang.com/2/
湖北,武汉,御景国际,价格待定往期6500元/O,,,黄陂区,[三至四环]黄陂区汉口北大道新十公路特1号(解放大道延长线),|待售||普通住宅||湖景地产|,https://yujingguojilf.fang.com/
湖北,武汉,力高雍湖湾,26000元/O,,,蔡甸区,[四环以外]蔡甸区知音湖大道文岭村公交站旁(原凤翔岛度假村),|在售||别墅||低密居所||不限购||湖景地产|,https://ligaoyonghuwan.fang.com/
湖北,武汉,越秀星悦o,33000元/O,"2居,4居",55~82平米,武昌区,[内环以内]武昌区中北路与秦园东路交汇处(4号线东亭站d出口约20米),|在售||商住公寓||小户型||湖景地产||宜居生态地产|,https://xingyuefengyx.fang.com/
湖北,武汉,华生地产金珠港湾,13500元/O,"3居,4居,5居",117~220平米,东西湖区,[三至四环]东西湖区金银湖环湖西路8号,|在售||联排||普通住宅||湖景地产|,https://jinzhugangwan.fang.com/2/
湖北,武汉,美联中心,20000元/O,2居,49~55平米,江岸区,[二至三环]江岸区兴业路与中一路交汇处(金桥永旺旁),|在售||商住楼||不限购|,https://lianbangshenghuoquml.fang.com/
湖北,武汉,兰江华庭,价格待定往期8500元/O,,,黄陂区,[中环以外]黄陂区盘龙经济开发区汤云海路特1号(汤云海路与盘龙大道交汇处),|待售||普通住宅||经济住宅|,https://gongyuanlilj.fang.com/
湖北,武汉,锦深汉南公馆,6448元/O,3居,135~140平米,汉南区,[四环以外]汉南区汉南区兴城大道与兴一路交汇处,|在售||普通住宅|,https://hannangongguanjs.fang.com/
湖北,武汉,华中国际广场,16500元/O,"1居,2居",30~80平米,江岸区,[内至二环]江岸区黄孝河路与黄浦大街交汇处(竹叶山转盘麦当劳旁),|在售||商住公寓||复合地产|,https://huazhongguojiguangchang.fang.com/
湖北,武汉,翰林公馆,10500元/O,"3居,4居",97~139平米,黄陂区,[三至四环]黄陂区巨龙大道黄陂一中旁(恒大名都小区对面),|在售||普通住宅|,https://hanlingongguan027.fang.com/
湖北,武汉,南湖九玺,价格待定往期25000元/O,3居,89~123平米,洪山区,[二至三环]洪山区雄楚大道与幸福路交汇处向南200米,|待售||联排||普通住宅||湖景地产|,https://nanhujiuxi.fang.com/
湖北,武汉,保利星河九洲・星耀,价格待定,3居,94~123平米,汉阳区,[二至三环]汉阳区汉阳大道周湾站(地铁4号线孟家铺地铁站b出口东侧500米),|待售||普通住宅||品牌地产||地铁沿线||江景地产|,https://xinghejiuzhoubl.fang.com/2/
湖北,武汉,现代光谷世贸中心,12000元/O,,,东湖高新区,[二至中环]东湖高新区光谷大道与关南园路交汇处(光谷大道41号),|在售||标准写字楼||创意地产|,https://shimaozhongxinxd.fang.com/
湖北,武汉,武汉宝业中心,13000元/O,1居,40~119平米,青山区,[二至三环]青山区建设一路与建港南街交汇处 (洪福美邻旁),|在售||LOFT||SOHO||地铁沿线||不限购|,https://baoyezhongxinwh.fang.com/
湖北,武汉,中国铁建1818中心,26000元/O起,,,武昌区,[内环以内]武昌区中北路109号(中北路与公正路交汇处),|在售||标准写字楼||地铁沿线|,https://1818zhongxin.fang.com/office/
湖北,武汉,西寺学府,6500元/O,"2居,3居,4居",46~91平米,黄陂区,[四环以外]黄陂区前川街道西寺大道,|在售||商住楼|,https://xisixuefu.fang.com/
湖北,武汉,武汉研创中心,11000元/O,,,江夏区,[中环以外]江夏区杨桥湖大道与光谷大道交汇处(湖北经济学院对面),|在售||标准写字楼|,https://yanchuangzhongxinwh.fang.com/
湖北,武汉,联发国际大厦,25000元/O,,,武昌区,[内环以内]武昌区徐东大街汪家墩(湖北银行旁),|在售||标准写字楼|,https://lianfaguojidasha.fang.com/
湖北,武汉,绿地国际金融城写字楼,35000元/O,,,武昌区,[内环以内]武昌区和平大道840号(湖北大学附近),|在售||总部园区||标准写字楼||品牌地产||地铁沿线|,https://guojijinrongchengld.fang.com/office/
湖北,武汉,亿达光谷大观,价格待定周边13800元/O,"3居,4居",95~176平米,东湖高新区,[三至四环]东湖高新区花城大道9号(软件新城公交站旁),|待售||普通住宅||花园洋房||湖景地产||宜居生态地产|,https://guanggudaguanyd.fang.com/
湖北,武汉,中南汇,价格待定往期39000元/O,"1居,2居,3居",59~129平米,武昌区,[内环以内]武昌区中南路18号(中南路与中南二路交汇处),|待售||普通住宅||写字楼商铺||地铁沿线|,https://zhongnanhui.fang.com/
湖北,武汉,福集华府,价格待定往期6500元/O,"2居,3居",82~115平米,蔡甸区,[四环以外]蔡甸区大集街大集新城(大集政府对面),|待售||普通住宅|,https://fujihuafu.fang.com/
湖北,武汉,高雄88号,21000元/O,,,江岸区,[内至二环]江岸区高雄路88号(香港路儿童医院对面),|在售||标准写字楼||不限购|,https://gaoxiong88hao.fang.com/
湖北,武汉,欧亚达云庭,价格待定,,,江夏区,[三至四环]江夏区文化大道与新华街交汇处,|待售||商住楼|,https://ouyadayunting.fang.com/
湖北,武汉,金辉城,6200元/O,"2居,3居",77~129平米,,[四环以外]临空区凤栖路,|在售||普通住宅||不限购|,https://155600.fang.com/
湖北,武汉,二七星城,价格待定周边21423元/O,"1居,2居,3居",60~150平米,江岸区,[二至三环]江岸区后湖大道和建设大道延长线交汇处(汉口城市广场正对面),|待售||普通住宅||商住公寓||小户型||地铁沿线|,https://erqixingcheng.fang.com/
湖北,武汉,碧桂园学府壹号首座,价格待定,,,蔡甸区,[外环以外]蔡甸区蔡甸大街180号碧桂园学府壹号营销中心,|待售||商住公寓||不限购|,https://xuefuyihaoshouzuobgy.fang.com/
湖北,武汉,永利国际大厦,17000元/O,,,洪山区,[二至中环]洪山区雄楚大道杨家湾(地铁2号线杨家湾站a出口),|在售||商住公寓||酒店式公寓|,https://yongliguojidasha.fang.com/
湖北,武汉,华宇旭辉大厦,24000元/O,,,武昌区,[内环以内]武昌区中山路(区政府旁),|在售||总部园区||标准写字楼||创意地产|,https://guojidashafh.fang.com/
湖北,武汉,万科高尔夫熙岸,24000元/O,,,东西湖区,[三至四环]东西湖区东西湖区马池路与环湖路交汇处,|待售||住宅底商|,https://wankegaoerfuxian.fang.com/
湖北,武汉,实地君兰汀岸别墅,245万元/套,3居,135平米,经济开发区,[四环以外]经济开发区武汉市经济技术开发区(四环线与汉洪高速交汇处),|在售||别墅|,https://shidijunlantingan.fang.com/villa/
湖北,武汉,万基国际广场,价格待定往期5000元/O,,,黄陂区,[中环以外]黄陂区木兰大道与钓台道交汇处,|待售||普通住宅||商住公寓||地铁沿线||低密居所|,https://wanjiguojiguangchang.fang.com/
湖北,武汉,花样年喜年中心,110元/平方米.月,,,~口区,[内环以内]~口区武胜路与沿河大道交汇处(江汉一桥下),|待售||标准写字楼||写字楼商铺||品牌地产||地铁沿线|,https://huayangnianxinianzhongxin.fang.com/
湖北,武汉,光谷金融中心,17500元/O,,,东湖高新区,[三至四环]东湖高新区高新大道与光谷三路交汇处,|在售||标准写字楼||酒店写字楼||创意地产||总部园区|,https://guanggujinrongzhongxin.fang.com/
湖北,武汉,网商总部大厦,18000元/O,,,~口区,[二至三环]~口区解放大道与古田二路交汇处(古田二路轻轨站旁),|在售||市场类商铺||地铁沿线||loft|,https://gutianzhixingxkj.fang.com/
湖北,武汉,香水湾商铺,31000元/O,,,洪山区,[二至三环]洪山区白沙洲武汉科技大学正对面(白沙洲大道旁),|在售||住宅底商||不限购|,https://xiangshuiwan027.fang.com/shop/
湖北,武汉,印力中心,55元/平方米.月,,,青山区,[二至三环]青山区武汉市青山区和平大道与冶金大道交汇处(八大家转盘),|出租||标准写字楼||不限购|,https://yinlizhongxin027.fang.com/office/
湖北,武汉,中交锦立方,12600元/O,1居,52~53平米,青山区,[二至三环]青山区建设九路与红钢二街交汇处(武汉市49中高中部旁),|在售||商住楼||品牌地产||低总价||小户型|,https://jinlifangzj.fang.com/
湖北,武汉,电建地产吃糜府,13500元/O,"3居,4居",97~143平米,东西湖区,[三至四环]东西湖区三店大道与黄狮海东路交汇处(武汉为明学校旁),|在售||普通住宅||花园洋房||品牌地产||湖景地产|,https://mingyueyufudjdc.fang.com/
湖北,武汉,阳逻金茂悦,价格待定,"3居,4居",116~131平米,新洲区,[四至外环]新洲区阳逻之心柴泊大道旁,|待售||普通住宅||住宅底商||品牌地产||低总价|,https://jinmaoyueyl.fang.com/
湖北,武汉,中建壹品澜荟,价格待定,"3居,4居",122~174平米,东西湖区,[三至四环]东西湖区环湖路与银柏路交汇处,|待售||商住楼||品牌地产||低密居所||loft|,https://yipinlanhuizj.fang.com/
湖北,武汉,四新天祥广场,14700元/O,,,汉阳区,[二至三环]汉阳区江城大道与四新大道交汇处(西北角),|在售||商住楼||不限购||loft|,https://tianxiangguangchang027.fang.com/
湖北,武汉,中冶・39大街,24000元/O,"3居,4居",102~218平米,青山区,[二至三环]青山区武汉市青山区建设三路与旅大街交汇处,|在售||普通住宅||品牌地产||地铁沿线||水景地产|,https://39dajiezy.fang.com/
湖北,武汉,泰禾知音湖院子,20000元/O,"3居,4居,5居",100~170平米,蔡甸区,[四环以外]蔡甸区蔡甸区中法生态城・知音湖大道(临环湖绿道),|在售||别墅|,https://zhiyinhuyuanzith.fang.com/villa/
湖北,武汉,国采光立方,30000元/O,4居,155~194平米,东湖高新区,[三至四环]东湖高新区高新大道与光谷六路交汇处(东湖高新管委会东侧),|在售||普通住宅||叠拼||山景地产|,https://guocaiguanglifang.fang.com/
湖北,武汉,中海万松九里,38000元/O,4居,230平米,江汉区,[内至二环]江汉区长江大道(青年路段)与雪松路交汇处,|在售||普通住宅||标准写字楼|,https://wansongjiulizh.fang.com/
湖北,武汉,君荟天地,21800元/O,"3居,4居",98~137平米,江汉区,[二至三环]江汉区姑嫂树路20号东侧(地铁6号线石桥站e出口),|在售||普通住宅||地铁沿线|,https://junhuitiandi.fang.com/
湖北,武汉,远洋汉口中心,15000元/O,"1居,2居,4居",52~158平米,江汉区,[二至三环]江汉区汉口火车站旁・发展大道与常超街交汇处,|在售||商住公寓||品牌地产||地铁沿线||不限购|,https://xinhankousohoyy.fang.com/
湖北,武汉,四新中央生活区,16500元/O,"1居,2居,3居",45~105平米,汉阳区,[二至三环]汉阳区江城大道与四新北路交汇处(江城大道四新北路站正站点),|在售||商住楼|,https://zhongyangshenghuoqusx.fang.com/
湖北,武汉,阳光城檀悦,价格待定往期18000元/O,3居,89~105平米,汉阳区,[二至三环]汉阳区墨水湖北路与星火路交汇处(武汉卷烟厂旁),|待售||普通住宅||住宅底商||地铁沿线|,https://shilixinchengygc.fang.com/
湖北,武汉,百瑞景中央生活区五期,32500元/O,2居,81~98平米,武昌区,[内至二环]武昌区瑞景路瑞景广场一楼(星巴克斜对面),|在售||普通住宅||品牌地产||||武昌区珞珈山小学||教育局划片|||,https://zhongyangshenghuoqubrj.fang.com/6/
湖北,武汉,融创智谷,10000元/O,,,洪山区,[三至四环]洪山区文化大道555号(三环线与文化大道交汇处),|在售||标准写字楼||商住公寓||品牌地产||地铁沿线|,https://rongchuangzhigu.fang.com/
湖北,武汉,龙湖 东湖高新・春江郦城,15000元/O,,,~口区,[二至三环]~口区长丰大道与古田二路交汇处,|在售||商住楼||品牌地产|,https://chunjianglichengdhgxlh027.fang.com/
湖北,武汉,鼎盛华城,20000元/O,"3居,4居",101~168平米,江岸区,[二至三环]江岸区建设大道与兴业路交汇处(地铁3号线兴业路站),|在售||普通住宅||现房||低密居所||景观居所|,https://dingshenghuacheng.fang.com/
湖北,武汉,泷悦华府,38000元/O,"2居,3居,4居",89~154平米,东湖高新区,[二至三环]东湖高新区关山大道与高新大道交汇处(武汉市东湖开发区人民检察院旁),|在售||普通住宅||标准写字楼||品牌地产||地铁沿线|,https://longyuehuafu.fang.com/
湖北,武汉,南国中心二期,32000元/O,4居,166~167平米,江汉区,[内至二环]江汉区解放大道循礼门669号(天安大酒店正对面),|在售||普通住宅||地铁沿线||豪华居住区|,https://nanguozhongxin.fang.com/
湖北,武汉,兴华尚都国际,26000元/O起,"3居,4居,5居",103~249平米,~口区,[内至二环]~口区汉西北路36号(地铁3号线双墩站旁),|在售||普通住宅||地铁沿线|,https://shangduguojixh.fang.com/
湖北,武汉,帝大・御Z城,价格待定,"3居,4居",95~136平米,黄陂区,[三至四环]黄陂区盘龙大道47号(百联奥特莱斯正对面),|待售||普通住宅||品牌地产||教育地产|,https://yujingchengdd.fang.com/
湖北,武汉,云尚・武汉国际时尚中心,27000元/O,2居,64~127平米,~口区,[内环以内]~口区中山大道与多福路交汇处,|在售||商住楼||品牌地产||小户型||不限购|,https://whgjsszxys.fang.com/
湖北,武汉,三和剑桥城,9070元/O,4居,153平米,蔡甸区,[中环以外]蔡甸区蔡甸大街和西环路交汇处(汉阳一中旁),|在售||普通住宅||低总价||不限购|,https://jianqiaochengsanhe.fang.com/
湖北,武汉,融侨方圆,11000元/O,"3居,4居",88~137平米,黄陂区,[四至外环]黄陂区川龙大道环后湖北路与临空东街交汇处,|在售||普通住宅||住宅底商||低密居所||不限购|,https://rongqiaofangyuan027.fang.com/
湖北,武汉,华发中城荟,28000元/O,,,江汉区,[内至二环]江汉区青年路与淮海路交汇处(地铁二号线范湖站b出口旁),|在售||普通住宅||商住公寓||品牌地产||地铁沿线|,https://huafazhongchenghui.fang.com/
湖北,武汉,青青佳园,17158元/O,"2居,3居,4居",95~140平米,东西湖区,[三至四环]东西湖区金银潭大道6号(金银潭大道与将军一路交汇处),|在售||普通住宅|,https://qingqingjiayuan027.fang.com/
湖北,武汉,纽宾凯汉CITY・汉棠,价格待定,"2居,3居",107~145平米,汉阳区,[内至二环]汉阳区王家湾至十里铺地铁站旁,|待售||普通住宅|,https://hcityht.fang.com/
湖北,武汉,依山龙郡,价格待定往期9600元/O,,,蔡甸区,[中环以外]蔡甸区成功大道与茂兴路交汇处(蔡甸区幼儿园对面),|待售||普通住宅||花园洋房||低密居所|,https://yishanlongjun.fang.com/
湖北,武汉,百秀城,8352元/O,,,黄陂区,[三至四环]黄陂区武汉・黄陂・百秀街・百秀城,|在售||普通住宅||叠拼|,https://baixiucheng.fang.com/
湖北,武汉,湾郡北岸公馆,20520元/O,"2居,3居,4居",153~214平米,东湖高新区,[二至三环]东湖高新区华师园路与保利北路交汇处,|在售||叠拼||花园洋房||现房||低密居所|,https://wanjunbeiangongguan.fang.com/
湖北,武汉,盛景天地盛景国际,20000元/O,"2居,3居",86~129平米,江岸区,[内至二环]江岸区发展大道胜华村,|在售||普通住宅|,https://shengjingtiandishengjingguoji.fang.com/
湖北,武汉,前川中梁首府,价格待定,"3居,4居",93~130平米,黄陂区,[外环以外]黄陂区黄陂春天旁,|待售||普通住宅||住宅底商||品牌地产||不限购|,https://qianchuanzhongliangshoufu.fang.com/
湖北,武汉,力腾乐荟,19000元/O,1居,42~74平米,江岸区,[内至二环]江岸区发展大道与黑泥湖路交叉路口,|在售||商住楼||品牌地产||小户型||地铁沿线|,https://yuejianggongguan.fang.com/
湖北,武汉,统百中心,16400元/O,,,江岸区,[二至三环]江岸区江岸区百步亭花园路160-162号(后湖大道与百步亭花园路交汇处),|在售||标准写字楼||品牌地产|,https://tongbaizhongxinxfsd.fang.com/
湖北,武汉,合融清华源,8000元/O,"2居,3居",87~121平米,黄陂区,[中环以外]黄陂区钓台道与木兰大街交汇处(客运中心旁),|在售||普通住宅||科技住宅|,https://qinghuayuanhr.fang.com/
湖北,武汉,君临国际,42000元/O起,,,武昌区,[内环以内]武昌区徐东大街与友谊大道交汇处(销品茂旁),|待售||购物中心|,https://junlinguoji027.fang.com/shop/
湖北,武汉,正商书香华府,价格待定,3居,88~130平米,蔡甸区,[四至外环]蔡甸区蔡甸街成功大道与茂兴路交会处,|待售||普通住宅||不限购||科技住宅|,https://shuxianghuafuzs027.fang.com/
湖北,武汉,光谷动力节能环保产业园,6000元/O,,,东湖高新区,[中环以外]东湖高新区光谷大道308号(光谷大道和凤凰园中路交汇处),|在售||标准写字楼|,https://dljnhbcyygg.fang.com/
湖北,武汉,招商江湾国际商铺,30000元/O起,,,~口区,[二至三环]~口区解放大道与古田二路交汇处(距离古田二路轻轨站900米),|在售||住宅底商||购物中心||品牌地产||地铁沿线|,https://jiangwanguojizs.fang.com/shop/
湖北,武汉,欧亚达云栖,价格待定,"2居,3居",56平米,东西湖区,[三至四环]东西湖区东西湖大道和十全路交叉路口,|待售||商住楼||品牌地产||科技住宅|,https://yunqioyd.fang.com/
湖北,武汉,三和光谷道商铺,23000元/O,,,江夏区,[三至四环]江夏区光谷大道与高新六路交汇处(藏龙会所对面),|在售||住宅底商||现房|,https://sanheguanggudaoshangpu.fang.com/
湖北,武汉,海联时代广场写字楼,12000元/O,,,~口区,[二至三环]~口区长升路与丰茂路交汇处(三江航天酒店对面),|在售||标准写字楼||不限购|,https://shidaiguangchanghl027.fang.com/office/
湖北,武汉,保利圆梦城,价格待定往期5550元/O,,,新洲区,[四环以外]新洲区新城柴泊湖以北(新洲一中阳逻校区斜对面),|待售||普通住宅||商住公寓||湖景地产|,https://yuanmengchengbl.fang.com/
湖北,武汉,碧桂园晴川府,价格待定往期29000元/O,,,汉阳区,[内至二环]汉阳区滨江大道186号(晴川阁南行约800米),|待售||住宅底商||商住公寓||品牌地产||地铁沿线|,https://qingchuangfubgy.fang.com/
湖北,武汉,中建锦绣双城,价格待定往期9070元/O,"3居,4居",128~169平米,蔡甸区,[四环以外]蔡甸区莲花湖大道(汉阳一中对面),|待售||普通住宅||花园洋房||地铁沿线||不限购|,https://jinxiushuangchengzj.fang.com/
湖北,武汉,中铁金桥公馆,13000元/O,"1居,2居",42~69平米,汉阳区,[二至三环]汉阳区四新大道与连通港交汇处,|在售||商住楼||品牌地产|,https://jinqiaogongguanzt.fang.com/
湖北,武汉,南益名士公馆,12500元/O,"3居,4居",122~143平米,经济开发区,[四环以外]经济开发区全力北路和枫树六路交汇处,|在售||普通住宅||品牌地产|,https://mingshigongguanny.fang.com/
湖北,武汉,琨瑜之星,9500元/O,4居,119平米,江夏区,[四环以外]江夏区五里界锦绣大道,|在售||普通住宅||住宅底商||品牌地产||不限购|,https://kunyuzhixing.fang.com/
湖北,武汉,中建福地星城星樾,24500元/O,"2居,3居,4居",82~161平米,洪山区,[内至二环]洪山区雄楚大道与珞狮南路交汇处,|在售||普通住宅|,https://zhongjianfudixingchengxingyue.fang.com/
湖北,武汉,光谷青年汇,14000元/O,1居,37~51平米,江夏区,[三至四环]江夏区光谷大道与藏龙北街交汇处(武汉传媒学院正对面),|在售||购物中心||商住公寓|,https://guangguqingnianhui.fang.com/
湖北,武汉,中建壹品澜湾,14800元/O,"3居,4居",119~156平米,东西湖区,[三至四环]东西湖区沿海赛洛城南路(北大附中以南),|在售||普通住宅||品牌地产||湖景地产|,https://zhongjianyipin027.fang.com/
湖北,武汉,光华御江湾,8400元/O,4居,133平米,蔡甸区,[四环以外]蔡甸区工农路与茂林街交汇处(光华欣居旁),|在售||普通住宅||不限购|,https://yujiangwangh.fang.com/
湖北,武汉,禧悦,28000元/O起,"2居,4居",52~208平米,~口区,[内环以内]~口区武胜路与沿河大道交汇处,|待售||普通住宅||商住公寓||品牌地产||国际化社区|,https://hanzhengjie1haoxiyue.fang.com/
湖北,武汉,佳运环湖花园3期水云间,6720元/O,"3居,4居",108~155平米,新洲区,[四环以外]新洲区阳逻街环湖路1号(平江路与环湖路交汇处),|在售||普通住宅||住宅底商||不限购|,https://huanhuhuayuanjy.fang.com/3/
湖北,武汉,同馨花园雍豪府,39000元/O,4居,213平米,~口区,[内至二环]~口区解放大道582号(蓝天宾馆对面),|在售||普通住宅||地铁沿线||教育地产|,https://yonghaofu.fang.com/
湖北,武汉,融创珞瑜路95号,价格待定,,,洪山区,[二至三环]洪山区珞喻路与卓刀泉北路交汇处(地铁2号线广埠屯地铁站h出口),|待售||普通住宅||品牌地产||地铁沿线|,https://luoyulu95haorc.fang.com/
湖北,武汉,鄂旅投御合院,6000元/O,1居,46~60平米,,光谷东红莲湖旅游度假区恒大世纪旅游城南侧,|在售||独栋||联排||湖景地产|,https://153242.fang.com/
湖北,武汉,泓博朗诗悦府,价格待定往期16400元/O,3居,97~112平米,江岸区,[二至三环]江岸区兆瑞大道和三环线之间(中环商贸城北侧),|待售||普通住宅||品牌地产||复合地产|,https://langshiyuefuhb.fang.com/
湖北,武汉,青年公社,价格待定往期4300元/O,"2居,3居",51~65平米,江夏区,[中环以外]江夏区庙山金龙大街(金龙大街汽车公园对面),|待售||商住公寓||低总价||小户型|,https://qingniangongshe027.fang.com/
湖北,武汉,万龙中心,价格待定往期9000元/O,"2居,3居",38~80平米,蔡甸区,[四环以外]蔡甸区中核世纪广场旁,|待售||商住楼||不限购|,https://wanlongzhongxin.fang.com/
湖北,武汉,恒大城悦湖公馆,13000元/O,"1居,2居",52~94平米,东西湖区,[三至四环]东西湖区金银湖环湖路43号(万科西半岛小区对面),|在售||商住公寓||小户型||不限购|,https://yuehugongguanhdc.fang.com/
湖北,武汉,万科金域学府,26600元/O,3居,116~140平米,洪山区,[二至三环]洪山区雄楚大道省检察院旁,|在售||普通住宅||品牌地产|,https://jinyuxuefuwk027.fang.com/
湖北,武汉,联投水乡小镇,6700元/O起,"3居,4居",115~163平米,东湖高新区,[外环以外]东湖高新区凤莲大道梧桐湖新城(华中师范大学梁子湖校区旁),|在售||普通住宅||低总价||低密居所||不限购|,https://shuixiangxiaozhenlt.fang.com/
湖北,武汉,揽胜公园,22000元/O,"3居,4居,5居",116~252平米,洪山区,[二至中环]洪山区南湖大道与狮子山北路交汇处,|在售||普通住宅||湖景地产|,https://lanshenggongyuan.fang.com/
湖北,武汉,华发中城中央公园,9800元/O,3居,96~110平米,新洲区,[四环以外]新洲区柴泊大道与阳靠路交汇处往南200米(新洲区思源实验学校旁),|在售||商住楼||不限购|,https://huafazhongchengyue.fang.com/
湖北,武汉,汉口幸福万象,18500元/O,"2居,3居",29~64平米,江岸区,[二至三环]江岸区武汉市汉口区后湖大道与建设大道交汇,|在售||商住楼||不限购|,https://xingfuwanxianghk.fang.com/
湖北,武汉,朗诗西海岸,11000元/O,"1居,3居",77~153平米,蔡甸区,[四环以外]蔡甸区天鹅湖大道后官湖畔,|在售||普通住宅||叠拼||不限购||湖景地产|,https://xihaianls.fang.com/
湖北,武汉,长江凯旋城,价格待定往期10295元/O,3居,105~123平米,黄陂区,[中环以外]黄陂区汉施公路与发展路交汇处三环线以东(汉施公路发展路公交站旁),|待售||普通住宅||地铁沿线||经济住宅||江景地产|,https://changjiangkaixuancheng.fang.com/
湖北,武汉,越秀逸府,16000元/O,"2居,3居,4居",91~137平米,东西湖区,[三至四环]东西湖区常青北路永旺梦乐城正后方,|在售||普通住宅||品牌地产||低总价||地铁沿线|,https://yuexiuyifu.fang.com/
湖北,武汉,太子汉府,价格待定,"2居,3居,4居,5居",69~356平米,江汉区,[内环以内]江汉区建设大道与新华路交汇处,|待售||商住楼||地铁沿线||豪华居住区||湖景地产|,https://taizihanfu.fang.com/
湖北,武汉,大华锦绣时代,价格待定,"3居,4居",97~154平米,青山区,[二至三环]青山区武汉・青山・和平大道与建设二路交会处,|待售||普通住宅|,https://dahuajinxiushidai.fang.com/
湖北,武汉,方园,价格待定,"3居,4居",108~143平米,青山区,[二至三环]青山区青山区工业路与黄州街交汇处,|待售||普通住宅|,https://fangyuan.fang.com/
湖北,武汉,创客广场,20000元/O,1居,35平米,东湖高新区,[二至三环]东湖高新区雄楚大道958号,|在售||商住公寓|,https://chuangkeguangchang.fang.com/
湖北,武汉,武汉客厅,15500元/O,,,东西湖区,[三至四环]东西湖区金银潭宏图路8号(金银潭大道与宏图路交汇处),|在售||SOHO||标准写字楼||品牌地产||低总价|,https://mengxiangtequwhkt.fang.com/
湖北,武汉,江悦m园,价格待定,,,东西湖区,[四至外环]东西湖区金山大道与新城十二路交汇处、地铁6号线富民南路站(建设中),|待售||普通住宅||地铁沿线|,https://jiangyuelanyuan.fang.com/
湖北,武汉,京汉城市广场,70000元/O,,,江岸区,[内环以内]江岸区京汉大道与球场街交汇处,|待售||住宅底商|,https://jinghanchengshigc.fang.com/shop/
湖北,武汉,汇通新长江中心,24000元/O,,,武昌区,[内环以内]武昌区徐东大街6号(徐东大街与和平大道交汇处),|在售||标准写字楼||地铁沿线|,https://xinchangjiangzhongxinht.fang.com/
湖北,武汉,康桥知园商铺,28000元/O,,,东湖高新区,[二至三环]东湖高新区流芳路与富士康西路交汇处南行200米,|在售||住宅底商||品牌地产||不限购|,https://kangqiaozhiyuan027.fang.com/shop/
湖北,武汉,武汉雅居乐花园,14980元/O,"3居,4居",109~143平米,江夏区,[三至四环]江夏区江夏大道37号(庙山开发区庙山一路与沿湖路交汇处),|在售||联排||普通住宅||品牌地产||低密居所|,https://yajuleguojihuayuanwh.fang.com/
湖北,武汉,庭瑞新汉口,14500元/O,"1居,2居,3居",46~130平米,东西湖区,[三至四环]东西湖区环湖中路与马池中路交汇处(汉口马池路轻工业大学旁),|待售||普通住宅||商住公寓||品牌地产||现房|,https://xinhankoutr.fang.com/
湖北,武汉,碧桂园凤凰湾,9500元/O,"3居,4居,5居",103~215平米,汉南区,[四环以外]汉南区纱帽正街,|在售||联排||普通住宅||地铁沿线||不限购|,https://fenghuangwanbgy027.fang.com/
湖北,武汉,中南拂晓城,11370元/O,"3居,4居",98~123平米,黄陂区,[四环以外]黄陂区川龙大道及天阳路交汇处(奥特莱斯北侧),|在售||普通住宅||品牌地产||低总价||低密居所|,https://fuxiaochengzn.fang.com/
湖北,武汉,华发阳逻金茂逸墅,9300元/O,"3居,4居",96~136平米,新洲区,[四环以外]新洲区地铁阳逻线施岗站附近(思源实验学校对面),|待售||普通住宅||品牌地产||地铁沿线||不限购|,https://yangluojinmaoyishuhf.fang.com/
湖北,武汉,武汉院子,25000元/O,,,蔡甸区,[四环以外]蔡甸区东风大道以西小L湖北岸,|在售||别墅||低密居所||不限购|,https://wuhanyuanzickth.fang.com/
湖北,武汉,汉口御江澜庭,价格待定往期11000元/O,3居,96~116平米,黄陂区,[三至四环]黄陂区汉施大道与发展路交汇处(滨江公园旁),|待售||普通住宅||江景地产||公园地产|,https://yujianglantinghk.fang.com/
湖北,武汉,天宇万象国际2期,16000元/O,3居,108~128平米,~口区,[二至三环]~口区古田二路与长升路交汇处(长丰小学对面),|在售||普通住宅||地铁沿线|,https://wanxiangguojity.fang.com/2/
湖北,武汉,中锐滨湖尚城,13500元/O,"3居,4居",98~142平米,江夏区,[三至四环]江夏区腾讯大道与金龙大街交汇处(腾讯武汉研发中心),|在售||普通住宅||花园洋房||品牌地产||复合地产|,https://binhushangchengzr.fang.com/
湖北,武汉,汉北玺园,价格待定往期9200元/O,,,黄陂区,[三至四环]黄陂区汉口北大道东端南侧(汉口北大道胜海站),|待售||普通住宅||低总价|,https://hanbeixiyuan.fang.com/
湖北,武汉,万达御湖壹号,38000元/O,"4居,5居",220~255平米,武昌区,[内环以内]武昌区楚汉路与沿湖三路交汇以东,|在售||普通住宅||湖景地产||江景地产||旅游地产|,https://yuhuyihaowd.fang.com/
湖北,武汉,御江壹品青山印,21000元/O,"3居,4居",101~153平米,青山区,[二至三环]青山区建设二路与抚顺街交汇处,|在售||普通住宅||商住公寓||地铁沿线||水景地产|,https://yujiangyipinqingshanyin.fang.com/
湖北,武汉,联发红墅东方别墅,11000元/O,"2居,3居,4居,5居",77~285平米,东湖高新区,[四环以外]东湖高新区红莲湖旅游度假区,|在售||别墅||品牌地产||低密居所||不限购|,https://hongshudongfanglf.fang.com/
湖北,武汉,金地自在城金地广场,13000元/O,1居,42平米,洪山区,[二至中环]洪山区团结大道和仁和路交汇处(地铁仁和路出口),|待售||市场类商铺||地铁沿线|,https://jindiguangchangjdzzc.fang.com/
湖北,武汉,百步亭现代城公寓,21000元/O,"1居,2居",56~62平米,江岸区,[二至三环]江岸区解放大道与百步亭花园路交汇处(距离轻轨1号线丹水池站约300米),|在售||商住公寓||品牌地产||不限购|,https://xiandaichengloftbbt.fang.com/
湖北,武汉,绿地海珀御观,价格待定往期32000元/O,,,武昌区,[内至二环]武昌区和平大道750号(原武昌车辆厂),|待售||普通住宅||大平层||品牌地产|,https://haipoyuguan.fang.com/
湖北,武汉,华中智谷,9500元/O,,,经济开发区,[中环以外]经济开发区芙蓉路(永旺旁),|在售||商住别墅||标准写字楼||小户型||复合地产|,https://huazhongzhigu.fang.com/
湖北,武汉,奥山经开澎湃城,9000元/O,"3居,4居",95~139平米,经济开发区,[四环以外]经济开发区军山大道朱山三路旁,|在售||商住楼||品牌地产||山景地产||旅游地产|,https://pengpaichengasjk.fang.com/
湖北,武汉,楚天都市沁园,价格待定往期14700元/O,3居,108~135平米,洪山区,[三至四环]洪山区烽胜路黄家湖畔正北岸(三环线烽胜路出口),|待售||普通住宅||湖景地产|,https://dushiqinyuanct.fang.com/
湖北,武汉,平安御苑,17400元/O,3居,95~113平米,东湖高新区,[三至四环]东湖高新区民族大道336号玉龙岛路口(汤逊湖城铁站旁),|在售||普通住宅||花园洋房||地铁沿线||湖景地产|,https://pinganyuyuan.fang.com/
湖北,武汉,文一云水湾,10800元/O,"3居,4居",115~141平米,东西湖区,[三至四环]东西湖区临空港大道与朝阳路交汇处(乾丰元酒店旁),|在售||普通住宅||江景地产|,https://yunshuiwanwy.fang.com/
湖北,武汉,花样年・花郡,8000元/O,"2居,3居,4居",76~130平米,东湖高新区,东湖高新区葛洪大道与广场西路交汇处(葛店开发区管委会对面),|在售||普通住宅||品牌地产||低总价||经济住宅|,https://huayangnianhuajun027.fang.com/
湖北,武汉,千禧城,21000元/O,"3居,4居",114~148平米,~口区,[二至中环]~口区解放大道轻轨一号线古田三路北出口,|在售||综合体||普通住宅||国际化社区||地铁沿线|,https://qianxicheng.fang.com/
湖北,武汉,联发国际度假区红韵天,6000元/O,"2居,3居,4居",77~130平米,东湖高新区,[四环以外]东湖高新区光谷东・红莲湖旅游度假区,|在售||普通住宅||花园洋房|,https://155098.fang.com/
